original_object	original_description	sonnet_simplification
lattiera	Lattiera con corpo globulare; piede circolare; manico a "C" schiacciato; ; beccuccio sporgente; fondo bianco decorato con grappolo d'uva; bordo rifinito in verde.	Questa è una lattiera, un contenitore per il latte. Ha una forma rotonda con un manico a C e un beccuccio per versare. È decorata con un disegno di uva su sfondo bianco e ha il bordo verde.
Kappa su granchio, CREATURA FANTASTICA e ANIMALE (scultura)	Questo netsuke raffigura un granchio (kani) sul quale sta posato un kappa, la cui zampa anteriore sinistra è trattenuta dalla chela destra del mollusco. I due fori dell'himotoshi sono ubicati sul lato inferiore della composizione.	Questo è un piccolo oggetto decorativo giapponese chiamato netsuke. Mostra un granchio e una creatura mitologica chiamata kappa. Il granchio tiene il kappa con la sua chela.
statua (elemento d'insieme)	L'apostolo è rappresentato con una tunica legata a vita ed un mantello chiuso con una fibia sulla spalla destra; il volto è incorniciato da una folta barba a torciglioni e lunghi capelli; in mano tiene un libro	Questa statua rappresenta un apostolo di Gesù. Indossa una tunica e un mantello. Ha barba e capelli lunghi. Tiene in mano un libro.
statua (elemento d'insieme)	Il profeta è rappresentato con ampia tunica, capelli lunghi e copricapo; con la mano destra poggiata sul petto tiene un cartiglio, mentre con la sinistra regge un lembo della tunica	Questa statua mostra un profeta. Indossa una tunica larga e ha capelli lunghi. Tiene un rotolo di pergamena e un pezzo della sua tunica.
dipinto (elemento d'insieme)	L'arcangelo è raffigurato con i gigli nella destra, la sinistra levata e l'abito ancora gonfiato dal vento	Questa statua raffigura un arcangelo. Ha dei gigli in una mano e l'altra mano alzata. Il suo vestito sembra mosso dal vento.
statua (elemento d'insieme)	David è raffigurato seduto sul frontone con l'arpa in mano e la corona sul capo	Questa è una statua di Re Davide. È seduto e tiene un'arpa. Indossa una corona.
scomparto di polittico (elemento d'insieme)	San Giorgio, riccamente abbigliato, trafigge il drago con la lancia	Questa statua mostra San Giorgio che uccide un drago con la sua lancia. Indossa abiti eleganti.
statua (elemento d'insieme)	San Francesco d'Assisi è raffigurato con la destra al petto e lo sguardo volto verso l'alto	Questa è una statua di San Francesco d'Assisi. Ha una mano sul petto e guarda verso l'alto.
dipinto (elemento d'insieme)	Il santo è caratterizzato da un libro aperto	Questa statua rappresenta un santo che tiene un libro aperto.
dipinto (elemento d'insieme)	Il santo è dipinto mente scrive, con l'abito vescovile. La schedatrice identifica il santo con Sant'Agostino, ma sembra più probabile che sia San Giacomo apostolo, visto il tema della serie	Questo dipinto mostra un santo che sta scrivendo. Indossa abiti da vescovo.
dipinto (elemento d'insieme)	Il santo regge il libro nella sinistra e l'alabarda nella destra	Questa statua rappresenta un santo che tiene un libro e un'alabarda, un tipo di arma.
dipinto (elemento d'insieme)	Il santo è raffigurato mentre scrive e ha lo sguardo volto verso l'alto	Questo dipinto mostra un santo che sta scrivendo e guarda verso l'alto.
dipinto (elemento d'insieme)	Il dipinto non è del tutto leggibile, non è chiaro cosa regga in mano il santo	Questo dipinto mostra un santo, ma non si vede chiaramente cosa tiene in mano.
statua (elemento d'insieme)	La statua mostra un linguaggio scenografico seppure contenuto in uno schema classico	Questa statua ha un aspetto teatrale ma mantiene una forma classica.
scomparto di polittico (elemento d'insieme)	Nello scomparto sono raffigurati un santo vescovo, con pianeta, mitra e pastorale, e San Pietro, con il libro e la chiave; il soffitto cassettonato, sorretto da una colonna, è coerente, dal punto di vista della prospettiva, con il pannello centrale. Sullo sfondo è un paesaggio	Questo dipinto mostra due santi: un vescovo con bastone e mitra, e San Pietro con un libro e una chiave. Sullo sfondo c'è un paesaggio.
scomparto di polittico (elemento d'insieme)	San Paolo, con la spada, e San Giovanni Battista con la croce di canne, sono in uno spazio architettonico simmetrico rispetto al pannello precedente, e coerente prospetticamente con lo scomparto centrale	Questo dipinto mostra San Paolo con una spada e San Giovanni Battista con una croce fatta di canne.
scomparto di polittico (elemento d'insieme)	Il Cristo è raffigurato a mezza figura, con le mani sul petto	Questo dipinto mostra Gesù dalla vita in su, con le mani sul petto.
dipinto	Il dipinto raffigura un santo apostolo, a mezzo busto, con un libro in mano e tenente sotto il braccio una croce astile. La figura è barbuta e torce il collo, voltandosi all'indietro e rivolgendo lo sguardo verso l'alto. I colori sono mantenuti in tonalità piuttosto basse e soffocati dallo sporco	Questo dipinto mostra un apostolo con un libro e una croce. Ha la barba e guarda verso l'alto.
dipinto	Il dipinto raffigura San Simone Apostolo, a mezzo busto, di tre quarti, reggente con la mano destra la sega, attributo che lo identifica	Questo dipinto mostra San Simone Apostolo che tiene una sega, il suo simbolo.
dipinto	Il dipinto raffigura San Bartolomeo, a mezzo busto, il quale con la mano sinistra mostra la pelle scorticata	Questo dipinto mostra San Bartolomeo che tiene la sua pelle, perché secondo la tradizione fu scorticato.
dipinto	Al centro della scena è raffigurato Gesù Bambino sdraiato nella magiatoia, con ai lati S. Giuseppe e la Madonna in adorazione. Sulla destra vi sono il bue, l'asino e la figura del pastore. In alto c'è un angioletto che innalza un cartiglio	Questo dipinto mostra la nascita di Gesù. C'è Gesù Bambino nella mangiatoia, Maria e Giuseppe, un bue, un asino, un pastore e un angelo.
dipinto	Al centro della scena è raffigurato Simeone col Bambino in braccio, davanti al quale in primo piano è raffigurato un cesto di colombi. Sulla sinistra ci sono la Madonna, inginocchiata, e S. Giuseppe in piedi. Sullo stesso lato in secondo piano si affaccia S. Anna ed una figura maschile	Questo dipinto mostra Gesù Bambino presentato al tempio. C'è Simeone che tiene Gesù, Maria, Giuseppe, Sant'Anna e delle colombe.
dipinto	La scena raffigura Cristo seduto, coperto da un mantello, con le mani legate, mentre gli stanno al fianco due carnefi, di cui uno gli conficca la corona di spine in capo tramite un bastone	Questo dipinto mostra Gesù con la corona di spine. Due uomini gli stanno mettendo la corona sulla testa.
dipinto	La scena raffigura Cristo crocifisso con con Maria e S. Giovanni da un lato e la Maddalena inginocchiata che abbraccia la croce	Questo dipinto mostra Gesù sulla croce con Maria, San Giovanni e Maria Maddalena.
scultura (elemento d'insieme)	Il legno è scolpito e dorato solo sul lato anteriore; dietro è cavo. L'Evangelista è raffigurato secondo l'iconografia tradizionale con l'angelo	Questa è una statua di un evangelista (chi ha scritto il Vangelo) con un angelo.
scultura (elemento d'insieme)	Il legno è scolpito e dorato solo sul lato anteriore; dietro è cavo. L'Evangelista è raffigurato secondo l'iconografia tradizionale con il leone ai suoi piedi	Questa è una statua di un evangelista con un leone ai suoi piedi.
dipinto	Nella parte inferiore del dipinto, diagonalmente, è dipinta la croce, a terra, con Cristo giacente su di essa, vestito del solo perizoma, con il capo cinto dalla corona di spine. Due sgherri, stanno piantando i chiodi nei palmi delle sue mani. Un soldato, con elmo, lorica e lancia in mano, osserva la scena	Questo dipinto mostra Gesù disteso sulla croce. Due uomini gli stanno inchiodando le mani e un soldato guarda.
dipinto	Al centro della scena è raffigurato Cristo crocifisso vestito del solo perizoma e già morto. Ai lati in secondo piano i due ladroni crocifissi; mentre in primo piano ai lati della croce, ci sono: a sinistra la Madonna, a destra la Maddalena inginocchiata a baciare i piedi del Cristo e San Giovanni Evangelista in piedi	Questo dipinto mostra Gesù crocifisso con Maria, Maria Maddalena e San Giovanni.
dipinto	La scena raffigura il corpo esanime di Cristo, giacente sul sepolcro, avvolto dal sudario e pianto dalla Madonna e San Giovanni Evangelista	Questo dipinto mostra Gesù morto, avvolto in un lenzuolo. Maria e San Giovanni piangono accanto a lui. Il corpo di Gesù è disteso su una pietra che rappresenta il sepolcro.
dipinto	Al centro della scena è rappresentato il Cristo, in piedi, con la tunica chiara, che rivece la croce, con due sgherri che lo aiutano ad issarla sulla spalla sinistra ed un'altra figura maschile di lato	Questo dipinto mostra Gesù che riceve la croce. Due uomini lo aiutano a metterla sulla spalla.
dipinto	Al centro della scena è rappresentato Cristo con la croce sulle spalle, che lungo la salita al Calvario, si ferma di fronte a Maria Vergine piangente	Questo dipinto mostra Gesù che porta la croce e si ferma davanti a Maria che piange.
dipinto	Al centro della scena è rappresentato Cristo con la croce sulla spalla. Sulla destra gli si avvicina la Veronica che tiene in mano il panno nel quale Cristo si è asciugato il volto e sul quale è rimasta la sua impronta. La donna è dipinta di profilo, indossa una veste chiara e il velo sul capo. Sulla sinistra ci sono due soldati che incitano Cristo a camminare	Questo dipinto mostra Gesù con la croce sulla spalla. La Veronica gli asciuga il viso con un panno. Ci sono anche dei soldati.
dipinto	Al centro della scena è raffigurato Cristo, con dietro gli sgherri, che sorregge la croce e si rivolge verso sinistra dove sono raffigurate alcune donne	Questo dipinto mostra Gesù che porta la croce e parla con alcune donne.
dipinto	Nella parte inferiore del dipinto, a destra, è rappresentato il Cristo col capo cinto dalla corona di spine, che cade a terra, sotto il peso della croce. I carnefici incitano il Cristo a sollevarsi; uno di questi, di spalle, tirandolo per la corda che gli cinge la vita	Questo dipinto mostra Gesù che cade sotto il peso della croce. Alcuni uomini cercano di farlo alzare.
dipinto (elemento d'insieme)	L'affresco raffigura al centro della scena, incorniciata da un'arcata a tutto sesto, Maria con in braccio il Bambino mentre lo avvicina al sacerdote che gli opera la circoncisione. Ai lati, ci sono due figure maschili, di cui una sulla destra con un libro in mano ed una sulla sinistra, accompagnata da una figura femminile (S. Giuseppe e S. Anna) con due colombi in mano. Sullo sfondo la facciata del tempio	Questo affresco mostra Maria che tiene Gesù Bambino mentre un sacerdote fa la circoncisione. Ci sono anche altre persone, tra cui Giuseppe e Sant'Anna.
dipinto (elemento d'insieme)	L'affresco raffigura la Madonna seduta su di un semplice trono lineare, con Gesù Bambino seduto sulle sue ginocchia. Gesù ha al collo una croce ed è in atto benedicente. La Madonna regge nella mano sinistra un libro	Questo affresco mostra Maria seduta su un trono con Gesù Bambino sulle ginocchia. Gesù benedice e ha una croce al collo. Maria tiene un libro.
dipinto (elemento d'insieme)	L'affresco rappresenta due riquadri inquadranti due busti di profeti biblici, che tengono in mano un cartiglio	Questo affresco mostra due profeti della Bibbia. Ognuno tiene un rotolo di pergamena.
dipinto (elemento d'insieme)	L'affresco rappresenta la resurrezione di Cristo, il quale si erge sul sepolcro, in atto benedicente e col vessillo in mano. Ai lati del sepolcro ci sono i soldati, alcuni dei quali ancora addormentati, mentre di fronte un angelo è seduto sul coperchio del sarcofago poggiato, A destra si affacciano le due Marie con l'ampolla d'olio in mano	Questo affresco mostra Gesù che risorge. Si alza dalla tomba con una bandiera in mano. Ci sono soldati e un angelo. Le donne arrivano con l'olio.
dipinto (elemento d'insieme)	L'affresco rappresenta Maria Maddalena, raffigurata sulla destra, che s'inginocchia davanti Cristo con la vanga in mano. Sull'estrema destra, dietro la figura della Maddalena, si affacciano alcuni apostoli	Questo affresco mostra Maria Maddalena che si inginocchia davanti a Gesù. Gesù ha una vanga in mano. Ci sono anche alcuni apostoli.
dipinto (elemento d'insieme)	L'affresco rappresenta al centro della scena Cristo con le mani giunte avvolto da una nube e sospeso da terra. Al lato sinistro ci sono tre angeli adulti a figura intera, di cui uno tiene in mano un cartiglio. Sulla sinistra c'è un gruppo di figure maschili inginocchiate	Questo affresco mostra Gesù che sale al cielo. È circondato da una nuvola. Ci sono angeli e persone inginocchiate che guardano.
dipinto (elemento d'insieme)	L'affresco raffigura un busto di personaggio maschile visto di profilo, imberbe, e reggente un cartiglio. Il profeta è identificato dalla scritta soprastante il riquadro, che riporta il nome di Daniele	Questo affresco mostra il viso di un uomo di profilo. Non ha la barba e tiene un rotolo di carta. Sopra c'è scritto il nome Daniele.
dipinto (elemento d'insieme)	L'affresco raffigura Gioacchino di fronte al sacerdote che gli fa cenno di uscire dal tempio. A sinistra di Gioacchino, vi è un pastore con l'agnello in braccio ed altre figure si stagliano sullo sfondo	Questo affresco mostra Gioacchino che viene mandato via dal tempio. C'è anche un pastore con un agnello in braccio.
dipinto (elemento d'insieme)	L'affresco raffigura un busto di personaggio maschile visto di profilo, con lunga barba e reggente un cartiglio. Il profeta è non è identificabile dalla scritta soprastante il riquadro, in quanto consunta	Questo affresco mostra il viso di un uomo di profilo. Ha una lunga barba e tiene un rotolo di carta. Non si può leggere il suo nome.
dipinto (elemento d'insieme)	L'affresco raffigura un busto di personaggio maschile visto di tre quarti, barbuto e reggente un cartiglio. Il profeta è identificabile dalla scritta soprastante il riquadro, che riporta il nome di Mosé	Questo affresco mostra il viso di un uomo con la barba. Tiene un rotolo di carta. Sopra c'è scritto il nome Mosè.
dipinto (elemento d'insieme)	L'affresco raffigura San Gioacchino e Sant'Anna che s'incontrano e si abbracciano. A destra di Sant'Anna di proporzioni minori, un'altra figura femminile	Questo affresco mostra Gioacchino e Anna che si abbracciano. C'è anche un'altra donna più piccola.
dipinto (elemento d'insieme)	L'affresco raffigura la nascita di Maria, con S. Anna seduta sul letto con le mani giunte, attorniata da figure femminili, di cui tre intente a preparare il bagno per la piccola Maria ed una quarta che porta del cibo alla partoriente	Questo affresco mostra la nascita di Maria. Anna è seduta sul letto. Ci sono donne che preparano il bagno per Maria e una che porta del cibo.
dipinto (elemento d'insieme)	L'affresco raffigura l'Annunciazione. L'arcangelo Gabriele è raffigurato sulla sinistra inginocchiato, in atto benedicente e tiene in mano un cartiglio, in secondo piano un vaso di gigli fioriti; in alto, in un clipeo con cornice bombata, appare la figura di Dio Padre barbuto. La Vergine è invece raffigurata sulla destra inginocchiata davati al leggio con il libro aperto davanti e le mani giunte, mentre sta per essere raggiunta dalla colomba dello spirito santo. La scena è divisa da una colonna con capitello a foglie d'acanto che regge un soffitto a volte	Questo affresco mostra l'angelo Gabriele che parla a Maria. C'è un vaso di fiori e Dio in alto. Maria è inginocchiata davanti a un libro.
dipinto (elemento d'insieme)	L'affresco raffigura al centro della scena il sommo sacerdote, abbigliato da una ricca veste broccata e col turbante in testa, che unisce le mani di San Giuseppe raffigurato sulla sinistra e di Maria Vergine, sulla destra. In secondo piano ci sono altre figure, che assistono alla scena. All'estrema destra si affaccia S. Anna	Questo affresco mostra un sacerdote che unisce le mani di Giuseppe e Maria. Ci sono altre persone che guardano, inclusa Anna.
dipinto (elemento d'insieme)	Verso l'altare è raffigurata la Madonna in gloria tra gli Apostoli; sotto di loro vi sono angeli musicanti	Questo affresco mostra Maria in cielo con gli Apostoli. Sotto ci sono angeli che suonano.
decorazione pittorica (elemento d'insieme)	Entro un ovale, due angeli inginocchiati sorreggono un ostensorio	Questa immagine mostra due angeli inginocchiati che tengono un contenitore speciale per l'ostia.
statua (elemento d'insieme)	San Giovanni, rappresentato con il libro, è riconoscibile per la giovane età	Questo dipinto mostra San Giovanni, che è giovane e tiene un libro.
statua (elemento d'insieme)	San Matteo, rappresentato con i libro, non presenta altra caratterizzazione iconografica, si distingue da San Giovanni per la differenza di età	Questo dipinto mostra San Matteo, che è più vecchio di San Giovanni e tiene un libro.
dipinto (elemento d'insieme)	In una folla di personaggi, Cristo cade sotto il peso della croce; a sinistra sono raffigurate le mura di Gerusalemme	Questo dipinto mostra Gesù che cade mentre porta la croce. Ci sono molte persone intorno e si vedono le mura di Gerusalemme.
dipinto (elemento d'insieme)	Gli apostoli sono raffigurati in cerchio, mentre assistono all'ascensione di Cristo, di cui si vedono solo i piedi	Questo dipinto mostra gli apostoli che guardano in alto. Si vedono solo i piedi di Gesù che sale al cielo.
dipinto (elemento d'insieme)	Maria è incoronata da Cristo e Dio Padre	Questo dipinto mostra Maria che viene incoronata da Gesù e Dio Padre.
dipinto (elemento d'insieme)	Maria ed Elisabetta si abbracciano alla presenza di Zaccaria e Giuseppe, in un'ambientazione cittadina	Questo dipinto mostra Maria ed Elisabetta che si abbracciano. Ci sono anche Zaccaria e Giuseppe, e si vede una città.
dipinto (elemento d'insieme)	Gesù, Maria e Giuseppe sono raffigurati nella capanna, in alto appare un angelo; alla scena è presente un'altra figura, forse un angelo	Questo dipinto mostra Gesù, Maria e Giuseppe in una capanna. C'è un angelo in alto e forse un altro angelo vicino.
dipinto (elemento d'insieme)	Nello stesso ambiente della scena precedente, Cristo è incoronato di spine da due soldati	Questo dipinto mostra Gesù a cui vengono messe delle spine sulla testa da due soldati.
dipinto (elemento d'insieme)	Il Battista è incatenato in carcere, vigilato da tre armigeri. A sinistra, sullo sfondo, un ampio paesaggio, chiaramente ispirato a quello locale, Cristo appare a due discepoli. In primo piano è un grosso cane	Questo dipinto mostra Giovanni Battista in prigione con delle catene. Ci sono tre guardie, un grande cane, e si vede Gesù che parla con due persone in lontananza.
dipinto (elemento d'insieme)	Il Battista, con l'agnello ai piedi, è inginocchiato in preghiera in un paesaggio boschereccio e montagnoso. In alto a sinistra si scorgono due teste d'angioletto	Questo dipinto mostra Giovanni Battista che prega in un bosco con montagne. C'è un agnello ai suoi piedi e due piccoli angeli in alto.
sportello di tabernacolo (opera isolata)	sportello di tabernacolo centinato con raffigurazione dell'ostensorio raggiato con monogramma cristologico, sorretto da nuvole	Questa è una porta di tabernacolo con un disegno di un contenitore speciale per l'ostia circondato da raggi e nuvole.
rilievo	Tavoletta in legno scolpita a rilievo rappresentante l'Annuciazione. L'arcangelo Gabriele, in piedi, avanza da sinistra portando un ramo di gigli alla Vergine inginocchiata che si volge di scatto, mentre era intenta a leggere. In alto, al centro, appare la colomba dello spirito santo immersa in una raggiera. La scena si svolge in un sobrio interno arredato solamente con il leggio e il baldacchino del letto riccamente tendato	Questa è una tavoletta di legno che mostra l'angelo Gabriele che parla a Maria. Maria è inginocchiata e c'è una colomba in alto.
rilievo	Tavoletta in legno scolpita a rilievo rappresentante la crocifissione. Al centro della scena è raffigurato Cristo crocifisso con ai lati le figure stanti della Madonna, sulla sinistra con le mani giunte, e di San Giovanni Evangelista con le braccia aperte. Entrambi rivolgono il volto verso l'alto. In cielo si avvicinano le nubi minacciose e sullo sfondo si vede Gerusalemme	Questa tavoletta di legno mostra Gesù sulla croce con Maria e Giovanni ai lati. Si vede Gerusalemme in lontananza e nuvole scure in cielo.
rilievo	Tavoletta in legno scolpita a rilievo rappresentante la resurrezione di Cristo. La scena pone al centro la figura di Cristo appena risorto dal sepolcro si eleva verso il cielo ricoperto di nubi. Attorno al sarcofago marmoreo stanno i soldati romani, alcuni ancora addormentati, altri che indietreggiano spaventati dell'accaduto	Questa tavoletta di legno mostra Gesù che risorge dalla tomba. Ci sono soldati intorno, alcuni dormono e altri sono spaventati.
rilievo	Tavoletta in legno scolpita a rilievo rappresentante la Pentecoste. Al centro della scena è raffigurata la Madonna seduta con un libro aperto in mano attorniata dagli apostoli che con le mani giunte rivolgono lo sguardo verso l'alto, ove appare in una nube la colomba dello spirito santo	Questa tavoletta di legno mostra Maria seduta con un libro, circondata dagli apostoli. Tutti guardano in alto verso una colomba.
rilievo	Tavoletta in legno scolpita a rilievo rappresentante l'incoronazione di Maria Vergine. In una composizione in cui dominano le fitte nubi che ricoprono tutto lo sfondo, al centro è raffigurata la Vergine con Cristo sulla sinistra e Dio Padre sulla destra che si accingono ad incoronarla. In alto la colomba dello spirito santo	Questa tavoletta di legno mostra Maria che viene incoronata da Gesù e Dio Padre. C'è una colomba in alto e molte nuvole intorno.
rilievo	Tavoletta in legno scolpita a rilievo rappresentante l'adorazione dei pastori. Entro una mangiatoia posta sotto una costruzione in mattoni con un'incongruente ingresso ad arcata su colonne doriche, è raffigurata la Madonna sulla sinistra, il Bambino nella culla al centro con alle spalle il bue e l'asino, e i tre pastori sulla destra, con morbide vesti corte e calzari	Questa tavoletta di legno mostra Maria, Gesù Bambino in una culla, e tre pastori. Si vedono anche un bue e un asino.
rilievo	Tavoletta in legno scolpita a rilievo rappresentante la presentazione di Gesù al tempio. All'interno di una chiesa dalle alte vetrate centinate, sull'altare la Madonna porge il bambino al sacerdote accompagnato da altri due funzionari religiosi. Alla destra della Madonna c'è Sant'Anna	Questa tavoletta di legno mostra Maria che porta Gesù Bambino a un sacerdote in una chiesa. C'è anche Sant'Anna.
rilievo	Tavoletta in legno scolpita a rilievo rappresentante la flagellazione di Cristo. Al centro della scena è raffigurato Cristo legato ad una colonna, rivestito del solo perizoma annodato. Di fianco vi sono i due soldati romani che lo colpiscono con flagelli. Sulla destra si affacciano ad assistere alla scena due sacerdoti	Questa tavoletta di legno mostra Gesù legato a una colonna mentre due soldati lo colpiscono. Due sacerdoti guardano.
rilievo	Tavoletta in legno scolpita a rilievo rappresentante l'orazione di Cristo nell'orto di Getsemani. Sulla destra in alto è raffigurato Cristo inginocchiato in preghiera con il volto rivolto verso l'alto ove c'è una nube purtroppo abrasa. In primo piano, riversi sul prato, dormono gli apostoli	Questa tavoletta di legno mostra Gesù che prega in un giardino. Gli apostoli dormono vicino a lui.
rilievo	Tavoletta in legno scolpita a rilievo rappresentante l'incoronazione di spine. Al centro della sena è raffigurato Cristo seduto con le braccia legate, ricoperto da un mantello, mentre tre soldati in piedi dietro di lui sono intenti a porgergli sulla testa la corona di spine. A destra due sacerdoti assistono alla scena	Questa tavoletta di legno mostra Gesù seduto mentre tre soldati gli mettono una corona di spine. Due sacerdoti guardano.
pianeta (elemento d'insieme)	Pianeta di velluto rosso con ricami policromi. Sulla parte posteriore il fregio verticale contiene le immagini dei Santi Dalmazzo, Primo e Feliciano; sulla parte anteriore i Santi Rocco e Sebastiano	Questo è un vestito speciale per i sacerdoti. Ha immagini di santi ricamate sopra.
dipinto	La scena rappresenta Gesù seduto su di un alto trono all'interno di un tempio attorniato dai Dottori	Questo dipinto mostra Gesù seduto su un trono in un tempio, circondato da persone sagge.
dipinto	La scena rappresenta Cristo legato alla colonna che subisce la flagellazione da parte di tre soldati	Questo dipinto mostra Gesù legato a una colonna mentre tre soldati lo colpiscono.
tabernacolo (elemento d'insieme)	Il tabernacolo, ornato da sei colonnine tortili, ha uno sportello con due csene intagliate: quella inferiore raffigura l'Annunciazione, quella superiore non è leggibile dalla fotografia	Questo è un tabernacolo con piccole colonne. La porta mostra l'angelo che parla a Maria.
tronetto per esposizione eucaristica (elemento d'insieme)	Al di sopra del tabernacolo è posto il tronetto per l'esposizione eucaristica, il cui dossale, delimitato da volute e teste cherubiche, ha un intaglio raffigurante il Crocifisso. L'oggetto è fiancheggiato da due statue di angeli e sormontato da una corona	Sopra il tabernacolo c'è un posto speciale per mostrare l'ostia. Ha un'immagine di Gesù sulla croce e due statue di angeli. In cima c'è una corona.
dipinto (elemento d'insieme)	L'episodio, dipinto a sinistra della lunetta, raffigura il santo, che camminando in un paesaggio roccioso, accompagnato da un altro monaco, benedice un gruppo di mendicanti	Questo dipinto mostra San Francesco che benedice dei poveri mentre cammina con un altro monaco.
dipinto (elemento d'insieme)	Al centro della lunetta, entro una cornice giallina con conchiglia centrale, volute e cornucopie laterali, la Madonna col Bambino che porge il ramo di giglio, appare a Sant'Antonio da Padova inginocchiato davanti all'altare, mentre sullo sfondo un gruppo di monaci s'intravedono da un tendaggio scostato	Questo dipinto mostra la Madonna con Gesù Bambino che appare a Sant'Antonio. Sant'Antonio è inginocchiato davanti a un altare e ci sono altri monaci in lontananza.
dipinto (elemento d'insieme)	Nella lunetta, a destra è raffigurato il miracolo dell'asino: ossia per convincere un ebreo, Sant'Antonio mostra un ostensorio ad un asino e questi s'inginocchia	Questo dipinto mostra Sant'Antonio che mostra l'ostia a un asino, e l'asino si inginocchia.
dipinto (elemento d'insieme)	Episodio della vita di Sant'Antonio raffigurante la predica ai pesci. Il dipinto è sormontato da una cartella con iscrizione	Questo dipinto mostra Sant'Antonio che parla ai pesci. Sopra c'è un cartello con delle parole scritte.
dipinto (elemento d'insieme)	dipinto raffigurante madonna con bambino in grembo, avvolto da un panneggio di colore chiaro e manto lungo della vergine	Questo dipinto mostra Maria che tiene in braccio Gesù bambino. Gesù è avvolto in un panno chiaro e Maria indossa un lungo mantello.
dipinto	Al centro della scena, occupandola quasi totalmente nel senso dell'altezza, è rappresentata la croce con il Cristo crocifisso che rivolge gli occhi al cielo. A sinistra, stante, con lo sguardo dolente rivolto verso il Cristo, è dipinta la Madonna; di fianco a lei, la sostiene San Giovanni Evangelista, mentre più arretrato appare Giuseppe d'Arimatrea. La Maddalena piange inginocchiata ai piedi della croce, mentre sulla destra in secondo piano si vede la figura di un soldato a cavallo	Questo dipinto mostra Gesù sulla croce. Accanto ci sono Maria, Giovanni, Giuseppe d'Arimatea e Maria Maddalena. C'è anche un soldato a cavallo.
dipinto	Santo stante inquadrato da una nicchia coi pennacchi adorni di teste cherubiche. L'imponente figura, ritoccata nella parte terminale della tunica, è frontale, regge un'asta ed apre il mantello rosso. Il volto è glabro, i capelli corti. L'abbigliamento da pellegrino lo fa riconoscere come San Giacomo Maggiore	Questo dipinto mostra San Giacomo Maggiore in piedi. Indossa abiti da pellegrino, tiene un bastone e apre il suo mantello rosso.
dipinto	Figure di santo stante, incorniciato da una semplice nicchia i cui pennacchi sono adorni di teste cherubiche alate. Il manto verde molto ampio è trattenuto dal santo con entrambe le mani, in mezzo alle quali porta un libro; il volto severo ha i tratti tirati ed è quasi calvo	Questo dipinto mostra un santo in piedi. Ha un grande mantello verde e tiene un libro. Ha pochi capelli e sembra serio.
rilievo	Al centro della scena è rappresentato il Cristo, stante, con la corona di spine sul capo e il torso nudo, mentre due soldati gli tolgono la tunica, altri due assistono, mentre una terza figura, in basso a destra, è seduta a terra accanto ad un cesto	Questo dipinto mostra Gesù con la corona di spine. Due soldati gli tolgono la tunica, mentre altri guardano.
rilievo	La scena raffigura due sgherri che issatisi sulla croce per mezzo di una scala, depongono il corpo di Cristo avvolgendolo in un sudario e passandolo nelle mani di S. Giovanni e di un altra figura maschile di spalle. Sulle sinistra della croce vi son la Madonna e la Maddalena	Questo dipinto mostra Gesù che viene tolto dalla croce. Giovanni e un altro uomo lo prendono, mentre Maria e Maria Maddalena guardano tristi.
rilievo	La scena raffigura il corpo esanime di Cristo, avvolto dal sudario e deposto nel sepolcro da due uomini con ampio copricapo e pianto dalla Madonna, Maddalena e San Giovanni Evangelista	Questo dipinto mostra Gesù morto avvolto in un lenzuolo. Viene messo nella tomba mentre Maria, Maria Maddalena e Giovanni piangono.
rilievo	Al centro della scena è rappresentato il Cristo, in piedi, che rivece la croce, con due sgherri che lo aiutano ad issarla, un soldato con elmo, corta tunica e calzari. Un altro soldato è sulla sinistra, in sella ad un cavallo, che tiene in mano il vessillo romano. Sullo sfondo, una costruzione con arcata	Questo dipinto mostra Gesù che riceve la croce. Ci sono soldati che lo aiutano e uno a cavallo con una bandiera romana.
rilievo	In primo piano è raffigurato Cristo che cade a terra, sotto il peso della croce. Sopra di lui due sgherri cercano di raccoglierlo ed un altro sta per colpirlo con un bastone. Sulla sinistra, in basso, uno sgherro cerca di trascinare Cristo a terra per una fune, mentre in alto inveisce un soldato a cavallo	Questo dipinto mostra Gesù che cade mentre porta la croce. I soldati cercano di farlo alzare e uno lo tira con una corda.
rilievo	In primo piano è raffigurato Cristo, con la croce sulla spalla, mentre dietro di lui sono raffigurati due soldati di cui uno a cavallo. Simone il Cireneo, è rappresentato con turbante in testa, sulla destra, in atto di sollevare la parte terminale della croce. Sulla sinistra, due sgherri di cui uno in basso tira Cristo per la fune	Questo dipinto mostra Gesù che porta la croce. Simone di Cirene lo aiuta, mentre i soldati lo spingono.
rilievo	Al centro della scena è rappresentato Cristo con la croce sulla spalla. Sulla sinistra gli si avvicina la Veronica che tiene in mano il panno nel quale Cristo si asciugherà il volto. La donna è dipinta di profilo ed inginocchiata. Dietro di lei uno sgherro tira la fune che lega Cristo, il quale ha dietro di sè un soldato che gli tiene la testa e cerca di colpirlo con un bastone. All'estrema destra, Simone il Cireneo regge la parte terimnale della croce	Questo dipinto mostra Gesù che porta la croce. La Veronica gli asciuga il viso con un panno. Ci sono soldati che lo spingono e tirano.
rilievo	Al centro della scena vi è Cristo caduto sotto il peso della croce, attorniato dai soldati di cui uno con un bastone in mano	Questo dipinto mostra Gesù caduto sotto il peso della croce. I soldati lo circondano.
dipinto	Il dipinto raffigura al centro della scena Pilato sul trono, attorniato da soldati romani e la figura di Cristo posta sulla sinistra, con la corona di spine sulla testa e vestita con una lunga tunica	Questo dipinto mostra Pilato seduto sul trono con Gesù davanti a lui. Ci sono molti soldati romani intorno.
dipinto	Il dipinto raffigura Cristo al centro della scena, in primo piano, visto frontalmente, mentre due soldati ai lati gli stanno togliendo la lunga tunica. In secondo piano una fitta folla di astanti e un paesaggio collinare	Questo dipinto mostra Gesù mentre i soldati gli tolgono i vestiti. Ci sono molte persone che guardano.
dipinto	Al centro della scena è raffigurato Cristo deposto dalla croce e disteso sulle gambe di Maria, mentre due personaggi maschili con lunghe tuniche sono ancora issati sulle scale. Sulla sinistra della croce ci sono due donne dolenti, sulla destra San Giovanni ed in primo piano la Maddalena piangente	Questo dipinto mostra Gesù morto sulle ginocchia di Maria. Ci sono persone che lo hanno appena tolto dalla croce e altre che piangono.
dipinto	Cristo è raffigurato in piedi, al centro della scena, con la croce sulla spalla destra, mentre incontra la Madonna la quale gli va incontro a braccia aperte. I volti non sono espressivi. Sullo sfondo vi sono i soldati romani e le pie donne tra alti palazzi quasi novecenteschi	Questo dipinto mostra Gesù che incontra sua madre Maria mentre porta la croce. Ci sono soldati e altre donne intorno.
dipinto	La scena raffigura Cristo, disteso a terra sotto il peso della croce, attorniato da soldati di cui due intenti a rialzare la croce ed uno a tirare la fune a cui è legato Cristo. Sullo sfondo prospettiva di alti palazzi a più piani	Questo dipinto mostra Gesù caduto a terra con la croce. I soldati cercano di farlo alzare e lo tirano con una corda.
dipinto	La scena raffigura la deposizione del corpo esamine di Cristo entro il sepolcro. Il volto del Cristo è ben scorciato, ricurvo all'indietro, mentre tre uomini lo stanno posizionando nel sepolcro marmoreo. Assistono alla scena Maria ed altri personaggi maschili e femminili	Questo dipinto mostra Gesù morto che viene messo nella tomba. Maria e altre persone guardano tristi.
statua	Statua raffigurante San Domenico, a figura intera, con ampio abito bianco e manto nero, che tiene con la mano destra il libro	Questa statua mostra San Domenico in piedi. Indossa un abito bianco e un mantello nero. Tiene un libro in mano.
dipinto	L'affresco raffigura in primo piano due inginocchiati di cui uno con libro aperto in nano, mitra e pastorale ai piedi, l'altro con una pietra in mano ed un libro. In secondo piano, due santi in piedi: un santo papa ed un santo vescovo	Questo affresco mostra due santi inginocchiati davanti e due santi in piedi dietro. Uno è un papa e uno è un vescovo.
dipinto	L'affresco raffigura in primo piano inginocchiate Santa Chiara con l'ostensorio in mano e Santa caterina da Siena con il giglio. Dietro di loro, più in alto, stanno ugualmente inginocchiati, San Francesco e San Domenico col giglio in mano	Questo affresco mostra Santa Chiara e Santa Caterina da Siena inginocchiate davanti. Dietro ci sono San Francesco e San Domenico.
dipinto	L'affresco raffigura in primo piano Santa Margherita d'Antiochia col drago ai suoi piedi con un'altra santa. In secondo piano, sedute su delle nuvole, vi sono Sant'Agata con la palma del martirio in mano ed il piatto coi seni recisi ed un'altra santa non identificata	Questo affresco mostra Santa Margherita con un drago e altre sante. Due sante sono sedute su nuvole.
dipinto	L'affresco raffigura la Madonna incoronata da Cristo e Dio Padre, con in mezzo la colomba dello spirito santo. In basso, ai lati, assistono alla scena San Giovanni Battista ed un santo soldato con vessillo crociato	Questo affresco mostra Maria incoronata da Gesù e Dio Padre. In basso ci sono San Giovanni Battista e un santo soldato.
dipinto	L'affresco raffigura due santi in adorazione della Sacra Sindone sostenuta in cielo da due angeli. Il santo francescano potrebbe essere San Bernardino da Siena in quanto ha delle mitrie ai piedi, mentre l'altro santo ha abiti principeschi e potrebbe essere San Luigi di Francia che sorregge una tavola con un'iscrizione	Questo affresco mostra due santi che guardano la Sacra Sindone tenuta da angeli. Uno sembra San Bernardino e l'altro potrebbe essere San Luigi di Francia.
dipinto	L'affresco raffigura in primo piano inginocchiati i santi Lorenzo e Sebastiano con i simboli del martirio. In secondo piano due santi in piedi: Santo Stefano ed un santo vescovo con pastorale, mitra ai piedi e due palle	Questo affresco mostra San Lorenzo e San Sebastiano inginocchiati davanti. Dietro ci sono Santo Stefano e un santo vescovo in piedi. San Lorenzo e San Sebastiano hanno i simboli del loro martirio. Il santo vescovo ha un bastone pastorale e due palle ai suoi piedi.
dipinto	L'affresco raffigura in primo piano inginocchiate Santa Maria Maddalena coi lunghi capelli e l'ampolla d'olio e Santa caterina d'Alessandria con la corona e la ruota. In secondo piano in piedi, vi sono San Rocco in abiti da pellegrino che mostra la piaga sulla coscia e San Luigi di Francia	Questo affresco mostra Santa Maria Maddalena e Santa Caterina d'Alessandria inginocchiate davanti. Dietro ci sono San Rocco e San Luigi di Francia in piedi.
dipinto	L'affresco raffigura in primo piano due sante inginocchiate ed altre due in piedi di cui una con corona e vessillo, l'altra in abito monacale	Questo affresco mostra quattro sante: due inginocchiate davanti e due in piedi dietro. Una ha una corona e una bandiera, l'altra indossa abiti da suora.
dipinto (elemento d'insieme)	Scene dipinta, incorniciata con fascioni mistilinei in stucco, con figura dal manto svolazzante ed espressione ieratica	Questo dipinto mostra una figura con un mantello che svolazza. Ha un'espressione seria e solenne.
dipinto (elemento d'insieme)	Scene dipinta, incorniciata con fascioni mistilinei in stucco, con figure dall'espressione ieratica e un po'rigida	Questo dipinto mostra delle figure con espressioni serie e un po' rigide.
dipinto (elemento d'insieme)	Dipinto raffigurante il primo mistero del rosario, collocato intorno alla nicchia del dossale d'altare	Questo dipinto mostra il primo mistero del rosario. È vicino a una nicchia sull'altare.
dipinto (elemento d'insieme)	Dipinto raffigurante il decimo mistero del rosario, collocato intorno alla nicchia del dossale d'altare	Questo dipinto mostra il decimo mistero del rosario. È vicino a una nicchia sull'altare.
dipinto (elemento d'insieme)	Dipinto raffigurante il tredicesimo mistero del rosario, collocato intorno alla nicchia del dossale d'altare	Questo dipinto mostra il tredicesimo mistero del rosario. È vicino a una nicchia sull'altare.
dipinto (elemento d'insieme)	Dipinto raffigurante il secondo mistero del rosario, collocato intorno alla nicchia del dossale d'altare	Questo dipinto mostra il secondo mistero del rosario. È vicino a una nicchia sull'altare.
dipinto (elemento d'insieme)	Dipinto raffigurante il quinto mistero del rosario, collocato intorno alla nicchia del dossale d'altare	Questo dipinto mostra il quinto mistero del rosario. È vicino a una nicchia sull'altare.
dipinto (elemento d'insieme)	Dipinto raffigurante il sesto mistero del rosario, collocato intorno alla nicchia del dossale d'altare	Questo dipinto mostra il sesto mistero del rosario. È vicino a una nicchia sull'altare.
dipinto (elemento d'insieme)	Dipinto raffigurante l'ottavo mistero del rosario, collocato intorno alla nicchia del dossale d'altare	Questo dipinto mostra l'ottavo mistero del rosario. È vicino a una nicchia sull'altare.
reliquiario (a busto, elemento d'insieme)	Ognuno deI quattro busti presenta la base e il manto dorato; il retro non è rifinito posteriormente, dov'è svuotato per permettere l'introduzione della reliquia	Ci sono quattro busti con la base e il mantello dorati. Dietro sono vuoti per mettere delle reliquie.
dipinto (elemento d'insieme)	Il dipinto rappresenta un episodio biblioco non identificato. Cromaticamente si caratterizza per il prevalere delle tonalità verdastre dello sfondo e del paesaggio che si accordano con i verdi degli affreschi della volta	Questo dipinto mostra una storia della Bibbia. Ha molti colori verdi che si accordano con gli affreschi del soffitto.
dipinto (opera isolata)	Le figure di Salomè e di Erodiade stanti, l'una di fronte all'altra, occupano buona parte della tela. Sulla destra, è dipinta Salomè; porta i capelli parzialmente raccolti, con boccoli che scendono sulle spalle e una acconciatura con piume. Lo sguardo è rivolto verso l'osservatore. Indossa una ricca veste con scollo quadrato, alto punto vita, maniche a gigot con soprammaniche con tagli; al di sopra un mantello svolazzante; al collo un filo di perle; porta gli orecchini a pendente. Tiene in mano un piatto con la testa di s. Giovanni Battista, barbata; gli occhi chiusi e la bocca semi aperta. Ai suoi piedi, riverso, il corpo di s. Giovanni Battista, copertto del solo perizoma; dal collo tagliato fuoriesce uno zampillo di sangue. Sulla destra, Erodiade, analogamente abbigliata, porta i capelli raccolti e parzialmente coperti da elaborato copricapo; indossa una collana e orecchini con pendente. In una mano tiene un fazzoletto. Sulla sinistra, dietro le spalle di Salomè, uno sgherro con lunghi capelli e barba. La scena è ambientata all'interno di una prigione, allusa dal tono bruno del fondo e dalla finestra con grata in alto a sinistra. I colori sono vivaci, in particolare nei particolari di vesti e gioielli	Questo dipinto mostra Salomè ed Erodiade. Salomè tiene un piatto con la testa di San Giovanni Battista. Il corpo di San Giovanni è a terra. Le donne indossano abiti eleganti e gioielli. La scena è in una prigione.
dipinto (opera isolata)	Le due figure di santi, stanti, di tre quarti, con lo sguardo rivolto verso l'alto, ove è rappresentata la colomba dello Spirito Santo occupano l'intero spazio della tela. A sinistra, s. Antonio Abate, con il capo calvo e barbato; indossa una tunica bruna, parzialmente coperta da mantello con il simbolo del tau sulla spalla. Una mano è portata al petto e l'altra tiene un bastone al quale è appesa una campanella. Ai suoi piedi, a sinistra, un maiale. A destra s. Agostino: il capo è barbato e coperto dalla mitrian. Indossa una tunica con strette maniche quasi del tutto copera dal piviale con bordo ricamato. Le mani sono giunte in preghiera e su un braccio poggia il pastorale. I colori sono accesi	Questo dipinto mostra Sant'Antonio Abate e Sant'Agostino. Guardano in alto verso una colomba. Sant'Antonio ha un bastone con una campanella e un maiale ai piedi. Sant'Agostino ha una mitra (cappello da vescovo) e un bastone pastorale. I colori sono vivaci.
dipinto (elemento d'insieme)	In primo piano è dipinta, al centro, una figura femminile seduta, con i capelli raccolti, abbigliata all'antica, che cerca di difendere il proprio bambino, in fasce, dalla presa di un uomo chinato sopra di lei, con i capelli corti e il torso nudo. Sulla destra, di profilo, è rappresentato un soldato con lorica, mantello, calzari ed elmo piumato che con una mano tiene per i capelli una donna con un bambino in braccio. In secondo piano, altre figure femminili analoghe, con bambini in braccio, sono intente a fuggire o si divincolano dalla presa di altri soldati simili al precedente. Sullo sfondo, una struttura architettonica con colonne, dietro alle quali si intravedono degli alberi. In alto, dietro un tendone che chiude scenograficamente la scena, sono dipinti angeli in volo, sotto forma di fanciulli, che osservano la scena. Il soggetto è trattato con tonalità di terre e di bruni, azzurri e grigi metallici. La tela è collocata entro una cornice di profilo e luce rettangolare. Battuta liscia; unica fascia percorsa da scanellature e ornata, in corrispondenza del punto mediano, da una corolla floreale stilizzata. In corrispondenza degli angoli, rilevati, ornato a punte di diamante	Questo dipinto mostra una scena triste. C'è una mamma che cerca di proteggere il suo bambino da un uomo che vuole prenderlo. Ci sono soldati che prendono altre mamme e bambini. Alcuni bambini scappano. In alto ci sono angeli che guardano. I colori sono marroni, azzurri e grigi.
dipinto (elemento d'insieme)	Al centro della scena, di lieve tre quarti, è dipinto il Cristo, barbato, con i capelli alle spalle, il corpo parzialmente coperto da un manto bianco, panneggiato, torso scoperto. Lo sguardo è rivolto verso destra, alla Vergine, in veste rosa e manto azzurro che funge da velo, inginocchiata di fronte a lui mentre gli tiene le mani. Dietro di lei, si riconoscono s. Pietro, barbato e s. Giovanni evangelista, in forma di giovane, con tunica verde e manto rosso. Dietro di lui un angelo indica verso l'alto. Di fianco alla Vergine, in primo piano, a sinistra, un uomo barbato con capo coronato e manto rosso, nell'atto di sollevare la donna. In secondo piano alcune figure maschili barbate, una con il capo coperto, l'altra con il copricapo da sacerdote. Sullo sfondo, a sinistra, è allusa una seconda scena non leggibile; sulla destra si intravedono un palazzo e una torre. In alto, tre angeli sotto forma di fanciulli suonano strumenti musicali e osservano la scena. La tela è collocata entro una cornice di profilo e luce rettangolare. Battuta liscia; unica fascia percorsa da scanellature e ornata, in corrispondenza del punto mediano, da una corolla floreale stilizzata. In corrispondenza degli angoli, rilevati, ornato a punte di diamante	Questo dipinto mostra Gesù risorto che incontra sua madre Maria. Maria è inginocchiata e tiene le mani di Gesù. Ci sono anche altri santi come Pietro e Giovanni. In alto ci sono angeli che suonano musica.
dipinto (elemento d'insieme)	In primo piano, a destra, stante, di parziale tre quarti, è dipinto il Cristo, barbato, con i capelli alle spalle; indossa una tunica con lunghe maniche rossa e manto sulla spalla azzurro. Con una mano indica verso l'alto e con l'altra si appoggia a una zappa. Lo sguardo è rivolto verso una figura femminile inginocchiata di fronte a lui, con tunica azzurra e manto giallo, che porta una mano al petto. Sulla sinistra, un albero frondoso fa da quinta alla scena. Sulla destra, in secondo piano, con tocchi pittorici più leggeri è dipinto il Cristo mentre esce dal sepolcro, nei pressi di una grotta, e un angelo. Ampio brano di cielo chiaro solcato da nubi. La tela è collocata entro una cornice di profilo e luce rettangolare. Battuta liscia; unica fascia percorsa da scanellature e ornata, in corrispondenza del punto mediano, da una corolla floreale stilizzata. In corrispondenza degli angoli, rilevati, ornato a punte di diamante	Questo dipinto mostra Gesù che parla con Maria Maddalena dopo essere risorto. Gesù ha una zappa in mano. Maria Maddalena è inginocchiata davanti a lui. Sullo sfondo si vede la tomba vuota di Gesù.
dipinto (elemento d'insieme)	Al centro della scena, stante, con il capo aureolato e velato, è dipinta Maria Vergine. Indossa una veste rosa e manto azzurro. Con una mano tiene il Bambino, nudo, biondo, che è sostenuto anche da s. Giuseppe, anziano e barbato, curvo, con un manto giallo, sulla destra della tela. Di fianco a lui strumenti da falegname. Sulla destra, in primo piano, sono rappresentati i Re Magi. L'uno chino verso il Bambino benedicente, è calvo e barbato, con una tunica azzurra, manto di ermellino e ulteriore drappo giallo e tiene in mano un contenitore in argento con coperchio, riccamente ornato. Dietro di lui, stnate, avvolto in un mantello rosso, con turbante sul capo e babra, il secondo ha in mano un altro contenitore. Il terzo, moro, con veste e turbante blu ha il viso rivolto verso la Vergine. Sfondo neutro di colore scuro. Dietro alla Vergine si intravede una colonna. La tela è posta entro una cornice in legno intagliato e dorato di profilo e luce mistilinei, analoghi al dipinto. Tipologia a cassetta; battuta liscia. Fasce sottili esterne e interne, lisce; fascia centrale con ornato a baccellature	Questo dipinto mostra Maria con Gesù Bambino. Accanto c'è Giuseppe. Davanti ci sono i Re Magi che portano regali a Gesù. Uno dei Re Magi è inginocchiato, gli altri due sono in piedi.
dipinto (elemento d'insieme)	Il personaggio è rappresentato a mezzo busto, di tre quarti e occupa buona parte della scena. Volge lo sguardo verso il basso, intento a leggere il volume che tiene tra le mani. Il capo è aureolato. Porta la mitria di colore chiaro ornata da diadema. Indossa, sopra il camice bordato di pizzo, un piviale di damasco rosso con fascia gialla. Sfondo neutro di colore scuro. La tela è collocata entro una cornice in legno intagliato e dorato di profilo e luce mistilinei, analoghi al perimetro della tela. Battuta liscia. Tipologia a cassetta; battuta liscia. Fasce sottili interna, liscia; fascia esterna con ornato a baccellature	Questo dipinto mostra un santo vescovo che legge un libro. Ha un cappello speciale chiamato mitra e indossa abiti rossi e dorati.
dipinto (elemento d'insieme)	Il personaggio è rappresentato a mezzo busto, di tre quarti e occupa buona parte della scena. Volge lo sguardo verso il basso, intento a osservare il crocifisso che tiene tra le mani. Il capo è aureolato e circonfuso da luce. Porta una corta baffa e capo tonsurato. Indossa un saio bruno con cappuccio. Una mano è portata al costato. Il volto è esangue. Sfondo neutro di colore scuro. La tela è collocata entro una cornice in legno intagliato e dorato di profilo e luce mistilinei, analoghi al perimetro della tela. Battuta liscia. Tipologia a cassetta. Fascia interna ed esterna modinate; centrale liscia	Questo dipinto mostra San Francesco che guarda un crocifisso. Ha i capelli tagliati a forma di cerchio e indossa un abito marrone. Il suo viso è molto pallido.
statua (elemento d'insieme)	Il personaggio, è rappresentato di tre quarti, lievemente chinato verso destra, stante, nell'atto di scrivere il Vangelo. Il capo è aureolato e barbato, fronte lievemente stempiata. Indossa tunica con maniche lunghe e largo scollo e manto panneggiato che gli cinge i fianchi. I piedi sono nudi. Sulla destra, è accovacciato il leone. Poggia su un basamento a sezione mistilinea, con basso gradino, con foro ovale al centro, profilato, superiormente, da cornice modinata. Anche la base è dorata	Questa statua mostra San Marco che scrive il Vangelo. Ha la barba e un'aureola. Accanto a lui c'è un leone.
statua (elemento d'insieme)	Il personaggio, è rappresentato di tre quarti, lievemente rivolto verso destra, stante, con il libro aperto in mano. Il capo è aureolato e il volto è giovanile, imberbe; capelli mossi. Indossa tunica con maniche lunghe e largo scollo e manto panneggiato che gli cinge i fianchi. I piedi sono nudi. Sulla sinistra, immediatamente al di sotto del libro, è scolpito un aquila in volo, con il muso rivolto verso destra. Poggia su un basamento a sezione mistilinea, con basso gradino, con foro ovale al centro, profilato, superiormente, da cornice modinata. Anche la base è dorata	Questa statua mostra San Giovanni con un libro aperto. È giovane e senza barba. Accanto a lui c'è un'aquila.
statua (elemento d'insieme)	Il personaggio è rappresentato stante, con una lieve torsione del busto, rivolto verso sinistra. Il capo, barbato, stempiato e aureolato. Indossa una tunica girocollo con lunghe maniche e un mantello, fittamente panneggiato, che gli cinge i fianchi. Sandali ai piedi. In una mano tiene la spada, rivolta verso il basso, l'altra è sollevata e con l'indice rivolto verso l'alto. Poggia su un basamento a sezione mistilinea, con basso gradino, profilato da volute e con un foro ovale al centro; superiormente cornice modinata mistilinea. Anche la base è dorata	Questa statua mostra San Paolo con una spada. Ha la barba e un'aureola. Indica verso l'alto con un dito.
statua (elemento d'insieme)	Il personaggio è rappresentato stante, frontalmente. Il capo è barbato e aureolato. Indossa un manto, fittamente panneggiato, che poggia su una sola spalla, lasciando parte del petto scoperto, e gli cinge i fianchi. I piedi sono nudi. Entrambe le braccia sono sollevate; una mano ha l'indice puntato verso l'alto. Ai piedi del Cristo, accovacciato, l'agnello. Poggia su un basamento a sezione mistilinea, con basso gradino, profilato da volute e con un foro ovale al centro; superiormente cornice modinata mistilinea. Anche la base è dorata	Questa statua mostra Gesù con un agnello ai suoi piedi. Ha le braccia alzate e indica verso l'alto.
statua (elemento d'insieme)	Il personaggio è rappresentato stante, con una lieve torsione del busto verso destra. Il capo, con i capelli corti, è rivolto verso l'alto. Indossa una tunica e al di sopra una dalmatica, panneggiata. Su un polso poggia un manipolo. Scarpe ai piedi. Una mano è rivolta al petto; l'altra, con braccio sollevato, mostra alcune pietre. Poggia su un basamento a sezione mistilinea, con basso gradino, profilato da volute e con un foro ovale al centro; superiormente cornice modinata mistilinea. Anche la base è dorata	Questa statua mostra Santo Stefano con delle pietre in mano. Indossa abiti speciali e guarda verso l'alto.
statua (elemento d'insieme)	Il personaggio è rappresentato stante, con una lieve torsione del busto verso destra. Il capo, con i capelli corti, è rivolto verso il basso. Indossa una tunica e al di sopra una dalmatica, panneggiata. Scarpe ai piedi. Entrambe le mani dovevano, originariamente, sorreggere una graticola, perduta, come suggerisce la loro posa. Poggia su un basamento a sezione mistilinea, con basso gradino, profilato da volute e con un foro ovale al centro; superiormente cornice modinata mistilinea. Anche la base è dorata	Questa statua mostra San Lorenzo. Le sue mani sono in una posizione come se tenesse qualcosa, ma l'oggetto è andato perso.
aspersorio (elemento d'insieme)	Aspersorio costituito da impugnatura liscia e fusto decorato con foglie di alloro, all'altezza della strozzatura centrale, che ritornano anche nella decorazione del pomo	Questo è un aspersorio, uno strumento per spruzzare acqua santa. Ha decorazioni di foglie.
turibolo (a coppa, elemento d'insieme)	Sul piede circolare è presente un bordo di foglie d'acanto. Sottocoppa baccellato con grandi foglie d'acanto le quali sono anche, lavorate a giorno, il motivo decorativo del coperchio, leggermente a bulbo. Teste di cherubini all'attacco delle catenelle. Sull'orlo della base, tre punzoni: la croce mauriziana attestante la qualità della lega; la testa di toro distintivo dell'Ufficio Marchio di Torino; il marchio del mastro argentiere non identificabile	Questa è una navicella per l'incenso. Ha decorazioni di foglie e teste di angeli. Ci sono dei marchi speciali sotto.
navicella portaincenso (elemento d'insieme)	Sulla base circolare è presente un bordo di foglie d'acanto. Sottocoppa baccellato ed al centro grande foglia d'acanto. Metà copertura a conchiglia. Sulla base, tre punzoni: la croce mauriziana attestante la qualità della lega; la testa di toro distintivo dell'Ufficio Marchio di Torino; il marchio del mastro argentiere non identificabile	Questa è una conchiglia per il battesimo. Ha decorazioni di foglie. Metà del coperchio sembra una conchiglia.
brocca (elemento d'insieme)	Piede circolare festonato da grandi foglie a margine intero. Coppa biconica con baccellatura agli estremi e collo con becco frastagliato. Elegante voluta nel manico. Nel sottobase l'impronto del punzone attestante il titolo 800 (Croce Mauriziana) e dell'Ufficio Marchio di Torino. Altri tre punzoni non sono identificabili	Questa è una brocca per l'acqua. Ha decorazioni di foglie e un manico curvo. Ci sono marchi speciali sotto.
detto di Pio V (pianeta)	Pianeta dal tessuto broccato fondo argentato filato con disegno in oro filato. L'armatura raso, verde azzurrino, di fondo appare solo nei profili del disegno. Disegno: sviluppo verticale di coppie speculari di nastri ad andamento fortemente sinuoso. Questi si sdoppiano ad ogni ansa con altro girale, terminante in fiore di loto chiuso e aperto. Cespi di foglie nelle legature. Il tessuto a doppia facciata è stato usato in modo alternato nella composizione della casula. Il paramento, privo di galloni, ha conservato le croci in intagliatela negli accessori	Questa è una pianeta, un abito da prete. È fatta di tessuto prezioso con disegni in argento e oro.
piviale (elemento d'insieme)	Piviale in damasco in seta fondo verde, disegno verde. Disegno: vaso a cratere con mazzo di fiori stilizzati fra i quali il cardo ed il melograno allungato. Tale motivo, che si ripete in successione verticale, è inserito in una cornice di rametti con uguali fiori. Gallone tessuto in oro filato, lamellare e riccio con motivo a losanghe. Frangia in filo oro a reticella annodata	Questo è un piviale, un mantello da prete. È verde con disegni di vasi e fiori. Ha bordi dorati e frange.
pianeta (elemento d'insieme)	Il tessuto è costituito da un fondo rosso di raso damascato, broccato a più trame in sete policrome e oro lamellare, filato e riccio. Disegno: motivo a sviluppo verticale di lunghe foglie frastagliate, in oro, ad andamento sinuoso, con grandi fiori di peonie rosso-violetto, e fiordalisi azzurri. Tale festone è legato da un cordone, con fiocchi, a formare dei medaglioni nei quali vi sono ricchi mazzi di fiori. Gallone tessuto in oro filato e lamellare con motivo di foglie acquatiche ai bordi su fondo cannellé	Questa è una pianeta rossa con disegni di fiori e foglie in oro e altri colori. Ha bordi dorati.
pianeta (elemento d'insieme)	Tessuto a fondo gros, disegno per effetti di slegatura delle due trame di fondo e di trame broccate in oro lamellare, filato e riccio. Fondo rosa-salmone. Disegno: sul fondo operato a losanghe, si snoda, ad andamento ondulato verticale, un tenue ramoscello fiorito abbondantemente di campanule stilizzate. Si alternano a questo motivo dei rametti con foglie e bacche. Gallone tessuto in oro filato e lamellare con motivo di nastro svolgentesi a spirale su fondo cannelé	Questo è un tessuto prezioso con disegni fatti con fili d'oro e d'argento.
pianeta (elemento d'insieme)	Pianeta in tessuto con fondo viola scuro di seta damascata, broccato a più trame in oro e argento filato, lamellare e riccio. Disegno: lungo un nastro tipo 'pizzo', in damasco viola chiaro, procedente sinuoso in senso verticale, corre un ramoscello con fiorellini stilizzati tipo cardo. A questo si intreccia altro ramoscello con lunghe foglie palmate. Gallone festonato tessuto in oro filato e lamellare con motivo di nastro, ornato di ramoscelli con foglie, attorcigliato a due aste	Questa pianeta è un abito da prete di colore viola scuro. Ha disegni di fiori e foglie fatti con fili d'oro e d'argento. I bordi sono decorati con un nastro dorato che sembra un pizzo.
pianeta (elemento d'insieme)	Tessuto a fondo bianco di seta damascata a più trame in oro filato e riccio e sete a molteplici sfumature. Colore: bianco, rosso verde, viola, amaranto, azzurro oltremare. Disegno: motivo di due gruppi floreali alternati e allineati orizzontalmente. In uno coppia di rametti con grandi peonie, nell'altro coppia di rametti con grappoli di semi e garofani. Gallone festonato tessuto in oro filato e lamellare con motivo di foglie attorcigliate e fiori	Questo tessuto è bianco con disegni colorati di fiori. Ci sono peonie rosse e garofani. I bordi sono decorati con un nastro dorato che ha disegni di foglie e fiori.
dalmatica (elemento d'insieme)	Fondo gros moiré di seta gialla laminato in oro. Gallone tessuto in argento filato e lamellare con motivo di grandi e piccoli rombi alternati su fondo cannetillé. Il gallone è stato sostituito, con altro di fattura più recente, nelle maniche di una dalmatica. I bordi hanno festone a fuselli	Questo tessuto è giallo e brillante come l'oro. I bordi hanno un nastro d'argento con disegni a rombi. Alcune parti hanno un nastro più nuovo.
pianeta (elemento d'insieme)	Tela in seta rossa laminata oro. Gallone tessuto in oro filato e lamellare con motivo di grandi foglie acquatiche, opposte e legate fra loro da un sottile ramoscello sinuoso	Questo tessuto è rosso e brillante come l'oro. I bordi hanno un nastro dorato con disegni di grandi foglie.
dalmatica (elemento d'insieme)	Damasco in seta, fondo viola. Disegno: un grande mazzo di fiori, fra i quali una peonia, è posto in un vaso ad anfora biansata e con baccellature. Tale motivo a medaglione è incorniciato da ghirlanda di pampini con uva e spighe. Gallone tessuto in oro filato e riccio con motivo di acanto svolgentesi a spirale e foglioline	Questo tessuto è viola con disegni di grandi mazzi di fiori in vasi. Intorno ai fiori ci sono ghirlande con uva e spighe. I bordi hanno un nastro dorato con disegni di foglie.
dalmatica (elemento d'insieme)	Damasco in seta fondo rosso. Disegno: in rosso, motivo sviluppantesi in verticale con ramoscelli inquadranti mazzi di fiori, fra i quali delle grandi peonie, disposti in modo alterno. Il disegno sul fondo di raso è contornato da zone in cannetillé. Gallone tessuto in oro filato e lamellare con motivo di foglie di salice a spina di pesce alternate da trifogli	Questo tessuto è rosso con disegni di rametti e mazzi di fiori. I bordi hanno un nastro dorato con disegni di foglie di salice e trifoglio.
pianeta (elemento d'insieme)	Il fondo di seta bianca è quasi totalmente ricoperto dal ricamo a fitto disegno. Sono grandi fiori, fra i quali garofani, peonie ed altri di forma stilizzata, inseriti in un più minuto motivo di girali a foglie e volute con frutta e festoni. Il ricamo a diversi punti è eseguito con sete policrome di toni molto accesi, gli ornati sono in filo d'oro. Il gallone, in tessuto d'argento, è arricchito da un motivo a mandorle, losanghe e acanti ricamati in oro	Questo tessuto bianco è quasi tutto coperto di ricami colorati. Ci sono grandi fiori come garofani e peonie, e piccoli disegni di foglie e frutta. I bordi hanno un nastro d'argento con ricami d'oro.
stola (elemento d'insieme)	Il fondo di seta bianca è quasi totalmente ricoperto dal ricamo a fitto disegno. Sono grandi fiori, fra i quali garofani, peonie ed altri di forma stilizzata, inseriti in un più minuto motivo di girali a foglie e volute con frutta e festoni. Il ricamo a diversi punti è eseguito con sete policrome di toni molto accesi, gli ornati sono in filo d'oro. Il gallone, in tessuto d'argento, è arricchito da un motivo a mandorle, losanghe e acanti ricamati in oro	Questo tessuto è uguale al numero 7.
velo di calice (elemento d'insieme)	Velo di calice in tela di seta marezzata viola-lilla, su cui è realizzato il ricamo in argento filato e riccio. Disegno: bordo con motivo di foglie stilizzate ed intrecciate per il loro sviluppo sinuoso	Questo è un velo per il calice di colore viola chiaro. Ha ricami d'argento con disegni di foglie intrecciate sul bordo.
borsa del corporale (elemento d'insieme)	Borsa del corporale in tela di seta marezzata viola-lilla, su cui è realizzato il ricamo in argento filato e riccio, sul bordo con motivo di foglie stilizzate ed intrecciate ed al centro con motivo a croce con bracci floreali	Questa è una borsa per il corporale di colore viola chiaro. Ha ricami d'argento con foglie sul bordo e una croce al centro.
stola (elemento d'insieme)	Stola confezionata in tela di seta bianca, marezzata. Alle estremità troviamo, in luogo del gallone, a ricamo in filo oro, il motivo a foglie piegate ad S, mentre al centro vi è la croce greca raggiata e frangia terminale	Questa è una stola bianca. Sui bordi ha ricami dorati di foglie. Al centro c'è una croce dorata e in fondo ci sono delle frange.
pianeta (elemento d'insieme)	Pianeta confezionata in raso di seta bianco su cui si stende un ricco ricamo in sete policrome, con grandi fiori e frutta fra ampi girali in filo oro a punto pieno. Sul verso il monogramma di S. Bernardino	Questa pianeta è bianca con molti ricami colorati di fiori e frutta. Ci sono anche ricami dorati. Sul retro c'è il simbolo di San Bernardino.
pianeta (elemento d'insieme)	Pianeta confezionata in tela di seta viola con ricamo in filo d'argento eseguito a punto erba, punto lanciato, punto stuoia e altri. Ampie volute fogliacee con grandi fiori frastagliati fan quasi cornice alla successione dei canestri con mazzi di fiori nella zona centrale. Gallone ricamato con motivo a graffe di foglie nei bordi, ramoscelli intrecciati a nastro nel centro	Questa pianeta è viola con ricami d'argento. Ci sono disegni di foglie, fiori e cesti di fiori. I bordi hanno ricami di rametti intrecciati.
decorazione a intaglio (serie)	Le quattro formelle raffigurano gli evangelisti	Queste sono quattro piccole immagini che mostrano i quattro evangelisti.
decorazione a intaglio	Raffigura un interno; in primo piano le ancelle intente a lavare la neonata. Sullo sfondo si vede sant'Anna nel letto	Questo dipinto mostra la nascita di Maria. Si vedono delle donne che lavano la bambina e Sant'Anna a letto.
dipinto (elemento d'insieme)	Occupa la cupola del presbiterio. Raffigura la Madonna portata in cielo dagli angeli	Questo è un grande dipinto sul soffitto della chiesa. Mostra Maria portata in cielo dagli angeli.
dipinto (elemento d'insieme)	Occupa la volta della navata principale; raffigura la Trinità affiancata dalle virtù teologali e dai dottori della chiesa	Questo è un grande dipinto sul soffitto della chiesa. Mostra Dio, Gesù e lo Spirito Santo con figure che rappresentano la fede, la speranza e l'amore, e alcuni santi importanti.
dipinto (elemento d'insieme)	Entro una cornice polilobata è raffigurata la Nascita della Vergine	Questo dipinto mostra la nascita di Maria. È in una cornice con molti lati curvi.
dipinto (elemento d'insieme)	Entro una cornice polilobata è raffigurata la Pentecoste	Questo dipinto mostra quando lo Spirito Santo scende sugli apostoli. È in una cornice con molti lati curvi.
dipinto	Raffigura il Cristo trascinato da soldati e carnefici; sulla destra un cane ringhia al suo passaggio	Questo dipinto mostra Gesù trascinato da soldati. C'è un cane che abbaia al suo passaggio.
dipinto	Raffigura il Cristo seduto che viene spogliato dai carnefici ed abbeverato di fiele	Questo dipinto mostra Gesù seduto. Alcune persone cattive gli tolgono i vestiti e gli danno da bere qualcosa di brutto.
dipinto	Raffigura il Cristo che viene inchiodato alla croce; sullo sfondo si vedono la Madonna e le donne dolenti	Questo dipinto mostra Gesù che viene messo sulla croce. Dietro si vedono Maria e altre donne tristi.
dipinto	Raffigura il Cristo morto con il corpo abbandonato in grembo alla Madonna; intorno a lei san Giovanni e la Maddalena dolenti	Questo dipinto mostra Gesù morto sulle ginocchia di Maria. Vicino ci sono Giovanni e Maria Maddalena molto tristi.
dipinto	Raffigura il Cristo morto che viene calato nel sepolcro; alla scena assistono le pie donne	Questo dipinto mostra Gesù morto che viene messo nella tomba. Ci sono delle donne che guardano.
dipinto	Raffigura il Cristo caricato della croce da soldati e carnefici	Questo dipinto mostra Gesù che porta la croce. Ci sono soldati e persone cattive intorno a lui.
dipinto	Raffigura il Cristo che si accascia sotto il peso della croce; su di lui infieriscono i soldati ed i carnefici	Questo dipinto mostra Gesù che cade mentre porta la croce. I soldati e le persone cattive lo trattano male.
dipinto	Raffigura il Cristo che, sulla via del Calvario, incontra la Madonna e le pie donne, mentre su di lui infieriscono i soldati ed i carnefici	Questo dipinto mostra Gesù che incontra Maria e altre donne mentre porta la croce. I soldati e le persone cattive lo trattano male.
dipinto	Raffigura il Cristo che, sulla via del Calvario, viene aiutato da Simone il Cireneo a portare la croce	Questo dipinto mostra Gesù che riceve aiuto da Simone per portare la croce.
dipinto	Raffigura il Cristo che, sulla via del Calvario, incontra la Veronica che mostra il velo con l'effigie di Cristo; sullo sfondo i soldati	Questo dipinto mostra Gesù che incontra la Veronica. Lei mostra un panno con il viso di Gesù. Dietro ci sono i soldati.
dipinto	Raffigura il Cristo che si accascia sotto il peso della croce; su di lui infieriscono i soldati ed i carnefici	Questo dipinto mostra Gesù che cade di nuovo mentre porta la croce. I soldati e le persone cattive lo trattano male.
dipinto	Raffigura il Cristo che si volta a consolare le donne di Gerusalemme che piangono lungo la sua salita al Calvario. In primo piano una bella figura di bimbo che si volge verso lo spettatore	Questo dipinto mostra Gesù che si gira per parlare con le donne di Gerusalemme che piangono. Davanti c'è un bambino che guarda chi vede il dipinto.
dipinto	Raffigura il Cristo che si accascia sotto il peso della croce; su di lui infieriscono i soldati ed i carnefici	Questo dipinto mostra Gesù che cade ancora una volta mentre porta la croce. I soldati e le persone cattive lo trattano male.
statua (elemento d'insieme)	La scultura (identificata dalla scheda cartacea come Tobia e l'angelo) raffigura un angelo abbigliato con un ampio abito svolazzante che tiene per mano un bimbo ed indica il cielo con la mano destra	Questa statua mostra un angelo con un vestito largo che tiene la mano di un bambino. L'angelo indica il cielo con l'altra mano.
statua (elemento d'insieme)	La scultura raffigura l'arcangelo Michele vestito con armatura, nell'atto di pesare le anime sulla bilancia; sotto i suoi piedi (in parte rovinata e consunta) è la figura di Satana	Questa statua mostra l'arcangelo Michele con un'armatura. Sta pesando le anime su una bilancia. Sotto i suoi piedi c'è Satana, ma la statua è un po' rovinata.
dipinto (serie)	I 15 misteri del Rosario sono collocati tutto intorno alla nicchia centrale; presentano cornici in legno dorato con volute fogliacee. I toni sono bruni, tendenti al monocromo	Questi sono 15 piccoli dipinti che mostrano storie importanti della vita di Gesù e Maria. Sono messi intorno a una nicchia centrale e hanno cornici dorate con foglie. I colori sono soprattutto marroni.
dipinto	Affresco di forma ovale raffigurante Cristo in un alone di luce circondato da angeli	Questo è un dipinto ovale che mostra Gesù circondato da luce e angeli.
decorazione a intaglio	Due pannelli rettangolari con cornici decorate da motivi vegetali stilizzati	Questi sono due dipinti rettangolari con cornici decorate con disegni di piante.
dipinto (elemento d'insieme)	Dipinto raffigurante il primo Mistero del Rosario, secondo l'iconografia ormai bene stabilita nel Seicento	Questo dipinto mostra il primo Mistero del Rosario, una storia importante della vita di Maria.
dipinto (elemento d'insieme)	Dipinto raffigurante il decimo Mistero del Rosario, secondo l'iconografia ormai bene stabilita nel Seicento	Questo dipinto mostra il decimo Mistero del Rosario, una storia importante della vita di Gesù.
dipinto (elemento d'insieme)	Dipinto raffigurante il tredicesimo Mistero del Rosario, secondo l'iconografia ormai bene stabilita nel Seicento	Questo dipinto mostra il tredicesimo Mistero del Rosario, un'altra storia importante della vita di Gesù.
dipinto (elemento d'insieme)	Dipinto raffigurante il quattordicesimo Mistero del Rosario, secondo l'iconografia ormai bene stabilita nel Seicento	Questo dipinto mostra il quattordicesimo Mistero del Rosario, una storia importante della vita di Gesù.
dipinto (elemento d'insieme)	Dipinto raffigurante il quindicesimo Mistero del Rosario, secondo l'iconografia ormai bene stabilita nel Seicento	Questo dipinto mostra il quindicesimo Mistero del Rosario, l'ultima storia importante della vita di Maria.
dipinto (elemento d'insieme)	Dipinto raffigurante il secondo Mistero del Rosario, secondo l'iconografia ormai bene stabilita nel Seicento	Questo dipinto mostra il secondo Mistero del Rosario, una storia importante della vita di Maria.
dipinto (elemento d'insieme)	Dipinto raffigurante il quarto Mistero del Rosario, secondo l'iconografia ormai bene stabilita nel Seicento	Questo dipinto mostra il quarto Mistero del Rosario, una storia importante della vita di Gesù.
dipinto (elemento d'insieme)	Dipinto raffigurante il sesto Mistero del Rosario, secondo l'iconografia ormai bene stabilita nel Seicento	Questo dipinto mostra il sesto Mistero del Rosario, una storia importante della vita di Gesù.
dipinto (elemento d'insieme)	Dipinto raffigurante l'ottavo Mistero del Rosario, secondo l'iconografia ormai bene stabilita nel Seicento	Questo dipinto mostra l'ottavo Mistero del Rosario, una storia importante della vita di Gesù.
dipinto (elemento d'insieme)	Dipinto raffigurante La Nascita di Maria, all'interno di un ciclo mariologico dei più tradizionali e destinato fin dall'origine a questa chiesa che è dedicata all'Assunta	Questo dipinto mostra la nascita di Maria. Fa parte di un gruppo di dipinti sulla vita di Maria in questa chiesa.
dipinto (elemento d'insieme)	Dipinto raffigurante L'Annunciazione, all'interno di un ciclo mariologico dei più tradizionali e destinato fin dall'origine a questa chiesa che è dedicata all'Assunta	Questo dipinto mostra l'angelo che annuncia a Maria che avrà Gesù. Fa parte di un gruppo di dipinti sulla vita di Maria in questa chiesa.
dipinto (elemento d'insieme)	Dipinto raffigurante La Presentazione di Gesù al tempio, all'interno di un ciclo mariologico dei più tradizionali e destinato fin dall'origine a questa chiesa che è dedicata all'Assunta	Questo dipinto mostra Maria e Giuseppe che portano Gesù al tempio da bambino. Fa parte di un gruppo di dipinti sulla vita di Maria in questa chiesa.
decorazione a sbalzo (opera isolata)	Decorazione posta sulla base dell'ostensorio e raffigurante San Barnaba, titolare della chiesa	Questa decorazione sulla base dell'ostensorio (un oggetto speciale per mostrare l'ostia) mostra San Barnaba, il santo a cui è dedicata la chiesa.
decorazione a sbalzo (opera isolata)	Decorazione posta sulla base dell'ostensorio e raffigurante San Baudolino, titolare della chiesa	Questa decorazione sulla base dell'ostensorio mostra San Baudolino, il santo a cui è dedicata la chiesa.
dipinto (elemento d'insieme)	S. Gregorio in veste di pontefice è raffigurato sul lato sinistro del dipinto, in atto di scendere lo scalone, per fare egli stesso l'elemosina ad una folla di poveri inginocchiati	Questo dipinto mostra San Gregorio, vestito da papa, che scende le scale per dare l'elemosina a molti poveri inginocchiati.
dipinto (elemento d'insieme)	L'affresco centrale raffigura San Gregorio circondato da angeli che lo elevano sino alla Gloria dei cieli	Questo affresco al centro mostra San Gregorio circondato da angeli che lo portano in cielo.
dipinto (elemento d'insieme)	Un medaglione in stucco incornicia l'evangelista Giovanni, rappresentato con il suo simbolo dell'acquila	Questo medaglione decorato mostra San Giovanni evangelista con la sua aquila.
dipinto (elemento d'insieme)	Sul lato sinistro dell'affresco è raffigurato Giacobbe addormentato, mentre sogna una scala elevata fino al cielo, dalla quale scendono e salgono degli angeli	Questo affresco mostra Giacobbe che dorme e sogna una scala che va fino al cielo, con angeli che salgono e scendono.
dipinto (elemento d'insieme)	Nell'affresco è raffigurato Giobbe, spogliato di tutti i beni, abbandonato da tutti, ingiuriato dalla moglie e dai tre amici, Elifaz, Baldad, Sofar	Questo affresco mostra Giobbe, che ha perso tutto e tutti lo hanno abbandonato. Sua moglie e tre amici lo insultano.
dipinto (elemento d'insieme)	Nell'affresco è raffigurato l'episodio di Giuditta mentre entra con la sua ancella nella tenda di Olofern ee si appresta a troncarne la testa per riportarla in Betulia	Questo affresco mostra Giuditta che entra nella tenda di Oloferne con la sua serva. Sta per tagliare la testa di Oloferne.
dipinto (elemento d'insieme)	Al centro del dipinto è raffigurato Mosè sul monte Sinai, mentre riceve da Dio le tavole dei Dieci Comandamenti	Questo dipinto mostra Mosè sul monte Sinai che riceve da Dio le tavole con i Dieci Comandamenti.
dipinto (elemento d'insieme)	La Carità è raffigurata con simbolo di una fiamma sul capo in atto di allattare un bambino. L'affresco è di colore chiaro ad imitazione del marmo	Questo affresco mostra la Carità come una donna con una fiamma sulla testa che allatta un bambino. È di colore chiaro come il marmo.
stallo (elemento d'insieme)	Lo stallo reca un intaglio a formelle mistilinee	Questo stallo (un sedile speciale in chiesa) ha decorazioni intagliate con forme curve.