original_object	original_description	gpt_simplification
lattiera	Lattiera con corpo globulare; piede circolare; manico a "C" schiacciato; ; beccuccio sporgente; fondo bianco decorato con grappolo d'uva; bordo rifinito in verde.	La lattiera ha un corpo rotondo, un piede circolare e un manico a forma di 'C'. Ha un beccuccio sporgente. Il fondo è bianco con un grappolo d'uva decorato e il bordo è rifinito in verde.
Kappa su granchio, CREATURA FANTASTICA e ANIMALE (scultura)	Questo netsuke raffigura un granchio (kani) sul quale sta posato un kappa, la cui zampa anteriore sinistra è trattenuta dalla chela destra del mollusco. I due fori dell'himotoshi sono ubicati sul lato inferiore della composizione.	Questo netsuke mostra un granchio con un kappa sopra di esso. La zampa anteriore sinistra del kappa è trattenuta dalla chela destra del granchio. I due fori dell'himotoshi sono sul lato inferiore.
statua (elemento d'insieme)	L'apostolo è rappresentato con una tunica legata a vita ed un mantello chiuso con una fibia sulla spalla destra; il volto è incorniciato da una folta barba a torciglioni e lunghi capelli; in mano tiene un libro	L'apostolo è rappresentato con una tunica legata in vita e un mantello chiuso con una fibbia sulla spalla destra. Ha una folta barba e lunghi capelli. In mano tiene un libro.
statua (elemento d'insieme)	Il profeta è rappresentato con ampia tunica, capelli lunghi e copricapo; con la mano destra poggiata sul petto tiene un cartiglio, mentre con la sinistra regge un lembo della tunica	Il profeta è rappresentato con una tunica ampia, capelli lunghi e un copricapo. Con la mano destra tiene un cartiglio sul petto e con la sinistra regge un lembo della tunica.
dipinto (elemento d'insieme)	L'arcangelo è raffigurato con i gigli nella destra, la sinistra levata e l'abito ancora gonfiato dal vento	L'arcangelo è raffigurato con gigli nella mano destra e la mano sinistra sollevata. Il suo abito è gonfiato dal vento.
statua (elemento d'insieme)	David è raffigurato seduto sul frontone con l'arpa in mano e la corona sul capo	David è raffigurato seduto con un'arpa in mano e una corona sul capo.
scomparto di polittico (elemento d'insieme)	San Giorgio, riccamente abbigliato, trafigge il drago con la lancia	San Giorgio, riccamente vestito, trafigge il drago con una lancia.
statua (elemento d'insieme)	San Francesco d'Assisi è raffigurato con la destra al petto e lo sguardo volto verso l'alto	San Francesco d'Assisi è raffigurato con la mano destra sul petto e lo sguardo rivolto verso l'alto.
dipinto (elemento d'insieme)	Il santo è caratterizzato da un libro aperto	Il santo è rappresentato con un libro aperto.
dipinto (elemento d'insieme)	Il santo è dipinto mente scrive, con l'abito vescovile. La schedatrice identifica il santo con Sant'Agostino, ma sembra più probabile che sia San Giacomo apostolo, visto il tema della serie	Il santo è dipinto mentre scrive, indossando abiti vescovili. Potrebbe essere Sant'Agostino o San Giacomo apostolo.
dipinto (elemento d'insieme)	Il santo regge il libro nella sinistra e l'alabarda nella destra	Il santo tiene un libro nella mano sinistra e un'alabarda nella mano destra.
dipinto (elemento d'insieme)	Il santo è raffigurato mentre scrive e ha lo sguardo volto verso l'alto	Il santo è raffigurato mentre scrive e guarda verso l'alto.
dipinto (elemento d'insieme)	Il dipinto non è del tutto leggibile, non è chiaro cosa regga in mano il santo	Il dipinto non è del tutto leggibile, non è chiaro cosa tenga in mano il santo.
statua (elemento d'insieme)	La statua mostra un linguaggio scenografico seppure contenuto in uno schema classico	La statua ha uno stile scenografico ma classico.
scomparto di polittico (elemento d'insieme)	Nello scomparto sono raffigurati un santo vescovo, con pianeta, mitra e pastorale, e San Pietro, con il libro e la chiave; il soffitto cassettonato, sorretto da una colonna, è coerente, dal punto di vista della prospettiva, con il pannello centrale. Sullo sfondo è un paesaggio	Nello scomparto ci sono un santo vescovo con pianeta, mitra e pastorale, e San Pietro con un libro e una chiave. Il soffitto cassettonato è sorretto da una colonna e sullo sfondo c'è un paesaggio.
scomparto di polittico (elemento d'insieme)	San Paolo, con la spada, e San Giovanni Battista con la croce di canne, sono in uno spazio architettonico simmetrico rispetto al pannello precedente, e coerente prospetticamente con lo scomparto centrale	San Paolo con una spada e San Giovanni Battista con una croce di canne sono in uno spazio architettonico simmetrico e coerente con il pannello centrale.
scomparto di polittico (elemento d'insieme)	Il Cristo è raffigurato a mezza figura, con le mani sul petto	Cristo è raffigurato a mezza figura con le mani sul petto.
dipinto	Il dipinto raffigura un santo apostolo, a mezzo busto, con un libro in mano e tenente sotto il braccio una croce astile. La figura è barbuta e torce il collo, voltandosi all'indietro e rivolgendo lo sguardo verso l'alto. I colori sono mantenuti in tonalità piuttosto basse e soffocati dallo sporco	Il dipinto mostra un santo apostolo a mezzo busto con un libro in mano e una croce astile sotto il braccio. Ha la barba e guarda indietro verso l'alto. I colori sono scuri e soffocati dallo sporco.
dipinto	Il dipinto raffigura San Simone Apostolo, a mezzo busto, di tre quarti, reggente con la mano destra la sega, attributo che lo identifica	Il dipinto mostra San Simone Apostolo a mezzo busto, di tre quarti, con una sega nella mano destra.
dipinto	Il dipinto raffigura San Bartolomeo, a mezzo busto, il quale con la mano sinistra mostra la pelle scorticata	Il dipinto mostra San Bartolomeo a mezzo busto, che mostra la pelle scorticata con la mano sinistra.
dipinto	Al centro della scena è raffigurato Gesù Bambino sdraiato nella magiatoia, con ai lati S. Giuseppe e la Madonna in adorazione. Sulla destra vi sono il bue, l'asino e la figura del pastore. In alto c'è un angioletto che innalza un cartiglio	Al centro della scena c'è Gesù Bambino sdraiato nella mangiatoia, con San Giuseppe e la Madonna in adorazione ai lati. A destra ci sono il bue, l'asino e un pastore. In alto c'è un angioletto con un cartiglio.
dipinto	Al centro della scena è raffigurato Simeone col Bambino in braccio, davanti al quale in primo piano è raffigurato un cesto di colombi. Sulla sinistra ci sono la Madonna, inginocchiata, e S. Giuseppe in piedi. Sullo stesso lato in secondo piano si affaccia S. Anna ed una figura maschile	Al centro della scena c'è Simeone con il Bambino in braccio e un cesto di colombi davanti. A sinistra ci sono la Madonna inginocchiata e San Giuseppe in piedi. In secondo piano ci sono Sant'Anna e una figura maschile.
dipinto	La scena raffigura Cristo seduto, coperto da un mantello, con le mani legate, mentre gli stanno al fianco due carnefi, di cui uno gli conficca la corona di spine in capo tramite un bastone	La scena mostra Cristo seduto con le mani legate, coperto da un mantello. Due carnefici sono al suo fianco, uno dei quali gli conficca la corona di spine in testa con un bastone.
dipinto	La scena raffigura Cristo crocifisso con con Maria e S. Giovanni da un lato e la Maddalena inginocchiata che abbraccia la croce	La scena mostra Cristo crocifisso con Maria e San Giovanni da un lato e la Maddalena inginocchiata che abbraccia la croce.
scultura (elemento d'insieme)	Il legno è scolpito e dorato solo sul lato anteriore; dietro è cavo. L'Evangelista è raffigurato secondo l'iconografia tradizionale con l'angelo	Il legno è scolpito e dorato solo sul lato anteriore; dietro è cavo. L'Evangelista è raffigurato con un angelo.
scultura (elemento d'insieme)	Il legno è scolpito e dorato solo sul lato anteriore; dietro è cavo. L'Evangelista è raffigurato secondo l'iconografia tradizionale con il leone ai suoi piedi	Il legno è scolpito e dorato solo sul lato anteriore; dietro è cavo. L'Evangelista è raffigurato con un leone ai suoi piedi.
dipinto	Nella parte inferiore del dipinto, diagonalmente, è dipinta la croce, a terra, con Cristo giacente su di essa, vestito del solo perizoma, con il capo cinto dalla corona di spine. Due sgherri, stanno piantando i chiodi nei palmi delle sue mani. Un soldato, con elmo, lorica e lancia in mano, osserva la scena	Nella parte inferiore del dipinto c'è la croce a terra con Cristo giacente su di essa, vestito solo con un perizoma e con una corona di spine. Due sgherri piantano i chiodi nelle sue mani. Un soldato con elmo e lancia osserva la scena.
dipinto	Al centro della scena è raffigurato Cristo crocifisso vestito del solo perizoma e già morto. Ai lati in secondo piano i due ladroni crocifissi; mentre in primo piano ai lati della croce, ci sono: a sinistra la Madonna, a destra la Maddalena inginocchiata a baciare i piedi del Cristo e San Giovanni Evangelista in piedi	Al centro della scena c'è Cristo crocifisso, vestito solo con un perizoma e già morto. Ai lati ci sono i due ladroni crocifissi. In primo piano, a sinistra c'è la Madonna, a destra la Maddalena inginocchiata che bacia i piedi di Cristo e San Giovanni Evangelista in piedi.
dipinto	La scena raffigura il corpo esanime di Cristo, giacente sul sepolcro, avvolto dal sudario e pianto dalla Madonna e San Giovanni Evangelista	La scena mostra il corpo esanime di Cristo giacente sul sepolcro, avvolto nel sudario e pianto dalla Madonna e San Giovanni Evangelista.
dipinto	Al centro della scena è rappresentato il Cristo, in piedi, con la tunica chiara, che rivece la croce, con due sgherri che lo aiutano ad issarla sulla spalla sinistra ed un'altra figura maschile di lato	Al centro della scena c'è Cristo in piedi con una tunica chiara, che riceve la croce. Due sgherri lo aiutano a issarla sulla spalla sinistra e un'altra figura maschile è di lato.
dipinto	Al centro della scena è rappresentato Cristo con la croce sulle spalle, che lungo la salita al Calvario, si ferma di fronte a Maria Vergine piangente	Al centro della scena c'è Cristo con la croce sulle spalle, che si ferma di fronte a Maria Vergine piangente lungo la salita al Calvario.
dipinto	Al centro della scena è rappresentato Cristo con la croce sulla spalla. Sulla destra gli si avvicina la Veronica che tiene in mano il panno nel quale Cristo si è asciugato il volto e sul quale è rimasta la sua impronta. La donna è dipinta di profilo, indossa una veste chiara e il velo sul capo. Sulla sinistra ci sono due soldati che incitano Cristo a camminare	Al centro della scena c'è Cristo con la croce sulla spalla. La Veronica si avvicina con un panno con l'impronta del volto di Cristo. La donna è dipinta di profilo con una veste chiara e un velo sul capo. A sinistra ci sono due soldati che incitano Cristo a camminare.
dipinto	Al centro della scena è raffigurato Cristo, con dietro gli sgherri, che sorregge la croce e si rivolge verso sinistra dove sono raffigurate alcune donne	Al centro della scena c'è Cristo con la croce, seguito dagli sgherri. Si rivolge verso sinistra dove ci sono alcune donne.
dipinto	Nella parte inferiore del dipinto, a destra, è rappresentato il Cristo col capo cinto dalla corona di spine, che cade a terra, sotto il peso della croce. I carnefici incitano il Cristo a sollevarsi; uno di questi, di spalle, tirandolo per la corda che gli cinge la vita	Nella parte inferiore del dipinto, a destra, c'è Cristo con una corona di spine che cade a terra sotto il peso della croce. I carnefici lo incitano a sollevarsi, uno di loro lo tira per la corda che gli cinge la vita.
dipinto (elemento d'insieme)	L'affresco raffigura al centro della scena, incorniciata da un'arcata a tutto sesto, Maria con in braccio il Bambino mentre lo avvicina al sacerdote che gli opera la circoncisione. Ai lati, ci sono due figure maschili, di cui una sulla destra con un libro in mano ed una sulla sinistra, accompagnata da una figura femminile (S. Giuseppe e S. Anna) con due colombi in mano. Sullo sfondo la facciata del tempio	L'affresco mostra Maria con il Bambino in braccio mentre lo avvicina al sacerdote per la circoncisione. Ai lati ci sono due figure maschili, una con un libro e l'altra con due colombi, accompagnata da una figura femminile. Sullo sfondo c'è la facciata del tempio.
dipinto (elemento d'insieme)	L'affresco raffigura la Madonna seduta su di un semplice trono lineare, con Gesù Bambino seduto sulle sue ginocchia. Gesù ha al collo una croce ed è in atto benedicente. La Madonna regge nella mano sinistra un libro	L'affresco mostra la Madonna seduta su un trono semplice con Gesù Bambino sulle ginocchia. Gesù ha una croce al collo ed è in atto benedicente. La Madonna tiene un libro nella mano sinistra.
dipinto (elemento d'insieme)	L'affresco rappresenta due riquadri inquadranti due busti di profeti biblici, che tengono in mano un cartiglio	L'affresco mostra due riquadri con busti di profeti biblici che tengono un cartiglio.
dipinto (elemento d'insieme)	L'affresco rappresenta la resurrezione di Cristo, il quale si erge sul sepolcro, in atto benedicente e col vessillo in mano. Ai lati del sepolcro ci sono i soldati, alcuni dei quali ancora addormentati, mentre di fronte un angelo è seduto sul coperchio del sarcofago poggiato, A destra si affacciano le due Marie con l'ampolla d'olio in mano	L'affresco mostra la resurrezione di Cristo che si erge sul sepolcro in atto benedicente con un vessillo in mano. Ai lati del sepolcro ci sono soldati, alcuni ancora addormentati. Di fronte, un angelo è seduto sul coperchio del sarcofago. A destra ci sono le due Marie con un'ampolla d'olio.
dipinto (elemento d'insieme)	L'affresco rappresenta Maria Maddalena, raffigurata sulla destra, che s'inginocchia davanti Cristo con la vanga in mano. Sull'estrema destra, dietro la figura della Maddalena, si affacciano alcuni apostoli	L'affresco mostra Maria Maddalena inginocchiata davanti a Cristo con una vanga in mano. Dietro di lei ci sono alcuni apostoli.
dipinto (elemento d'insieme)	L'affresco rappresenta al centro della scena Cristo con le mani giunte avvolto da una nube e sospeso da terra. Al lato sinistro ci sono tre angeli adulti a figura intera, di cui uno tiene in mano un cartiglio. Sulla sinistra c'è un gruppo di figure maschili inginocchiate	L'affresco mostra Cristo con le mani giunte, avvolto da una nube e sospeso da terra. A sinistra ci sono tre angeli, uno con un cartiglio. A destra c'è un gruppo di figure maschili inginocchiate.
dipinto (elemento d'insieme)	L'affresco raffigura un busto di personaggio maschile visto di profilo, imberbe, e reggente un cartiglio. Il profeta è identificato dalla scritta soprastante il riquadro, che riporta il nome di Daniele	L'affresco mostra un busto di un uomo visto di profilo, senza barba, che tiene un cartiglio. Sopra il riquadro c'è scritto il nome del profeta Daniele.
dipinto (elemento d'insieme)	L'affresco raffigura Gioacchino di fronte al sacerdote che gli fa cenno di uscire dal tempio. A sinistra di Gioacchino, vi è un pastore con l'agnello in braccio ed altre figure si stagliano sullo sfondo	L'affresco mostra Gioacchino di fronte a un sacerdote che gli fa cenno di uscire dal tempio. A sinistra di Gioacchino c'è un pastore con un agnello in braccio e altre figure sullo sfondo.
dipinto (elemento d'insieme)	L'affresco raffigura un busto di personaggio maschile visto di profilo, con lunga barba e reggente un cartiglio. Il profeta è non è identificabile dalla scritta soprastante il riquadro, in quanto consunta	L'affresco mostra un busto di un uomo visto di profilo, con una lunga barba, che tiene un cartiglio. La scritta sopra il riquadro è consumata e non si può identificare il profeta.
dipinto (elemento d'insieme)	L'affresco raffigura un busto di personaggio maschile visto di tre quarti, barbuto e reggente un cartiglio. Il profeta è identificabile dalla scritta soprastante il riquadro, che riporta il nome di Mosé	L'affresco mostra un busto di un uomo visto di tre quarti, con barba, che tiene un cartiglio. Sopra il riquadro c'è scritto il nome del profeta Mosè.
dipinto (elemento d'insieme)	L'affresco raffigura San Gioacchino e Sant'Anna che s'incontrano e si abbracciano. A destra di Sant'Anna di proporzioni minori, un'altra figura femminile	L'affresco mostra San Gioacchino e Sant'Anna che si incontrano e si abbracciano. A destra di Sant'Anna c'è un'altra figura femminile più piccola.
dipinto (elemento d'insieme)	L'affresco raffigura la nascita di Maria, con S. Anna seduta sul letto con le mani giunte, attorniata da figure femminili, di cui tre intente a preparare il bagno per la piccola Maria ed una quarta che porta del cibo alla partoriente	L'affresco mostra la nascita di Maria. Sant'Anna è seduta sul letto con le mani giunte, circondata da donne. Tre di loro preparano il bagno per la piccola Maria e una quarta porta del cibo a Sant'Anna.
dipinto (elemento d'insieme)	L'affresco raffigura l'Annunciazione. L'arcangelo Gabriele è raffigurato sulla sinistra inginocchiato, in atto benedicente e tiene in mano un cartiglio, in secondo piano un vaso di gigli fioriti; in alto, in un clipeo con cornice bombata, appare la figura di Dio Padre barbuto. La Vergine è invece raffigurata sulla destra inginocchiata davati al leggio con il libro aperto davanti e le mani giunte, mentre sta per essere raggiunta dalla colomba dello spirito santo. La scena è divisa da una colonna con capitello a foglie d'acanto che regge un soffitto a volte	L'affresco mostra l'Annunciazione. L'arcangelo Gabriele è inginocchiato a sinistra, benedicente e con un cartiglio in mano. Dietro di lui c'è un vaso di gigli fioriti. In alto, in un clipeo, appare Dio Padre barbuto. La Vergine è inginocchiata a destra davanti a un leggio con un libro aperto e le mani giunte, mentre la colomba dello Spirito Santo si avvicina. La scena è divisa da una colonna con capitello a foglie d'acanto.
dipinto (elemento d'insieme)	L'affresco raffigura al centro della scena il sommo sacerdote, abbigliato da una ricca veste broccata e col turbante in testa, che unisce le mani di San Giuseppe raffigurato sulla sinistra e di Maria Vergine, sulla destra. In secondo piano ci sono altre figure, che assistono alla scena. All'estrema destra si affaccia S. Anna	L'affresco mostra al centro il sommo sacerdote con una veste ricca e un turbante, che unisce le mani di San Giuseppe a sinistra e Maria Vergine a destra. In secondo piano ci sono altre figure che assistono alla scena. All'estrema destra si affaccia Sant'Anna.
dipinto (elemento d'insieme)	Verso l'altare è raffigurata la Madonna in gloria tra gli Apostoli; sotto di loro vi sono angeli musicanti	Verso l'altare è raffigurata la Madonna in gloria tra gli Apostoli. Sotto di loro ci sono angeli che suonano strumenti musicali.
decorazione pittorica (elemento d'insieme)	Entro un ovale, due angeli inginocchiati sorreggono un ostensorio	Dentro un ovale, due angeli inginocchiati sorreggono un ostensorio.
statua (elemento d'insieme)	San Giovanni, rappresentato con il libro, è riconoscibile per la giovane età	San Giovanni è rappresentato con un libro ed è riconoscibile per la sua giovane età.
statua (elemento d'insieme)	San Matteo, rappresentato con i libro, non presenta altra caratterizzazione iconografica, si distingue da San Giovanni per la differenza di età	San Matteo è rappresentato con un libro, senza altre caratteristiche iconografiche. Si distingue da San Giovanni per la differenza di età.
dipinto (elemento d'insieme)	In una folla di personaggi, Cristo cade sotto il peso della croce; a sinistra sono raffigurate le mura di Gerusalemme	In una folla di persone, Cristo cade sotto il peso della croce. A sinistra ci sono le mura di Gerusalemme.
dipinto (elemento d'insieme)	Gli apostoli sono raffigurati in cerchio, mentre assistono all'ascensione di Cristo, di cui si vedono solo i piedi	Gli apostoli sono raffigurati in cerchio mentre assistono all'ascensione di Cristo, di cui si vedono solo i piedi.
dipinto (elemento d'insieme)	Maria è incoronata da Cristo e Dio Padre	Maria è incoronata da Cristo e Dio Padre.
dipinto (elemento d'insieme)	Maria ed Elisabetta si abbracciano alla presenza di Zaccaria e Giuseppe, in un'ambientazione cittadina	Maria ed Elisabetta si abbracciano alla presenza di Zaccaria e Giuseppe, in un'ambientazione cittadina.
dipinto (elemento d'insieme)	Gesù, Maria e Giuseppe sono raffigurati nella capanna, in alto appare un angelo; alla scena è presente un'altra figura, forse un angelo	Gesù, Maria e Giuseppe sono raffigurati nella capanna. In alto appare un angelo. C'è un'altra figura nella scena, forse un angelo.
dipinto (elemento d'insieme)	Nello stesso ambiente della scena precedente, Cristo è incoronato di spine da due soldati	Nello stesso ambiente della scena precedente, Cristo è incoronato di spine da due soldati.
dipinto (elemento d'insieme)	Il Battista è incatenato in carcere, vigilato da tre armigeri. A sinistra, sullo sfondo, un ampio paesaggio, chiaramente ispirato a quello locale, Cristo appare a due discepoli. In primo piano è un grosso cane	Il Battista è incatenato in carcere, sorvegliato da tre soldati. A sinistra, sullo sfondo, c'è un ampio paesaggio ispirato a quello locale. Cristo appare a due discepoli. In primo piano c'è un grosso cane.
dipinto (elemento d'insieme)	Il Battista, con l'agnello ai piedi, è inginocchiato in preghiera in un paesaggio boschereccio e montagnoso. In alto a sinistra si scorgono due teste d'angioletto	Il Battista, con un agnello ai piedi, è inginocchiato in preghiera in un paesaggio boschivo e montagnoso. In alto a sinistra ci sono due teste di angioletto.
sportello di tabernacolo (opera isolata)	sportello di tabernacolo centinato con raffigurazione dell'ostensorio raggiato con monogramma cristologico, sorretto da nuvole	Lo sportello del tabernacolo è decorato con un ostensorio raggiato con il monogramma cristologico, sorretto da nuvole.
rilievo	Tavoletta in legno scolpita a rilievo rappresentante l'Annuciazione. L'arcangelo Gabriele, in piedi, avanza da sinistra portando un ramo di gigli alla Vergine inginocchiata che si volge di scatto, mentre era intenta a leggere. In alto, al centro, appare la colomba dello spirito santo immersa in una raggiera. La scena si svolge in un sobrio interno arredato solamente con il leggio e il baldacchino del letto riccamente tendato	Una tavoletta in legno scolpita a rilievo mostra l'Annunciazione. L'arcangelo Gabriele, in piedi, avanza da sinistra con un ramo di gigli verso la Vergine inginocchiata, che si volta di scatto mentre leggeva. In alto, al centro, appare la colomba dello Spirito Santo in una raggiera. La scena si svolge in un interno sobrio con un leggio e un letto riccamente tendato.
rilievo	Tavoletta in legno scolpita a rilievo rappresentante la crocifissione. Al centro della scena è raffigurato Cristo crocifisso con ai lati le figure stanti della Madonna, sulla sinistra con le mani giunte, e di San Giovanni Evangelista con le braccia aperte. Entrambi rivolgono il volto verso l'alto. In cielo si avvicinano le nubi minacciose e sullo sfondo si vede Gerusalemme	Una tavoletta in legno scolpita a rilievo mostra la crocifissione. Al centro c'è Cristo crocifisso, con la Madonna a sinistra con le mani giunte e San Giovanni Evangelista a destra con le braccia aperte. Entrambi guardano verso l'alto. In cielo ci sono nubi minacciose e sullo sfondo si vede Gerusalemme.
rilievo	Tavoletta in legno scolpita a rilievo rappresentante la resurrezione di Cristo. La scena pone al centro la figura di Cristo appena risorto dal sepolcro si eleva verso il cielo ricoperto di nubi. Attorno al sarcofago marmoreo stanno i soldati romani, alcuni ancora addormentati, altri che indietreggiano spaventati dell'accaduto	Una tavoletta in legno scolpita a rilievo mostra la resurrezione di Cristo. Al centro c'è Cristo appena risorto che si eleva verso il cielo coperto di nubi. Attorno al sarcofago marmoreo ci sono soldati romani, alcuni ancora addormentati, altri spaventati.
rilievo	Tavoletta in legno scolpita a rilievo rappresentante la Pentecoste. Al centro della scena è raffigurata la Madonna seduta con un libro aperto in mano attorniata dagli apostoli che con le mani giunte rivolgono lo sguardo verso l'alto, ove appare in una nube la colomba dello spirito santo	Una tavoletta in legno scolpita a rilievo mostra la Pentecoste. Al centro c'è la Madonna seduta con un libro aperto in mano, circondata dagli apostoli che guardano verso l'alto, dove appare la colomba dello Spirito Santo in una nube.
rilievo	Tavoletta in legno scolpita a rilievo rappresentante l'incoronazione di Maria Vergine. In una composizione in cui dominano le fitte nubi che ricoprono tutto lo sfondo, al centro è raffigurata la Vergine con Cristo sulla sinistra e Dio Padre sulla destra che si accingono ad incoronarla. In alto la colomba dello spirito santo	Una tavoletta in legno scolpita a rilievo mostra l'incoronazione di Maria Vergine. Al centro c'è la Vergine con Cristo a sinistra e Dio Padre a destra che si preparano a incoronarla. In alto c'è la colomba dello Spirito Santo. Lo sfondo è coperto di fitte nubi.
rilievo	Tavoletta in legno scolpita a rilievo rappresentante l'adorazione dei pastori. Entro una mangiatoia posta sotto una costruzione in mattoni con un'incongruente ingresso ad arcata su colonne doriche, è raffigurata la Madonna sulla sinistra, il Bambino nella culla al centro con alle spalle il bue e l'asino, e i tre pastori sulla destra, con morbide vesti corte e calzari	Una tavoletta in legno scolpita a rilievo mostra l'adorazione dei pastori. In una mangiatoia sotto una costruzione in mattoni con un ingresso ad arcata su colonne doriche, ci sono la Madonna a sinistra, il Bambino nella culla al centro con il bue e l'asino dietro, e tre pastori a destra con vesti corte e calzari.
rilievo	Tavoletta in legno scolpita a rilievo rappresentante la presentazione di Gesù al tempio. All'interno di una chiesa dalle alte vetrate centinate, sull'altare la Madonna porge il bambino al sacerdote accompagnato da altri due funzionari religiosi. Alla destra della Madonna c'è Sant'Anna	Una tavoletta in legno scolpita a rilievo mostra la presentazione di Gesù al tempio. In una chiesa con alte vetrate, la Madonna porge il bambino al sacerdote sull'altare, accompagnata da altri due funzionari religiosi. A destra della Madonna c'è Sant'Anna.
rilievo	Tavoletta in legno scolpita a rilievo rappresentante la flagellazione di Cristo. Al centro della scena è raffigurato Cristo legato ad una colonna, rivestito del solo perizoma annodato. Di fianco vi sono i due soldati romani che lo colpiscono con flagelli. Sulla destra si affacciano ad assistere alla scena due sacerdoti	Una tavoletta in legno scolpita a rilievo mostra la flagellazione di Cristo. Al centro c'è Cristo legato a una colonna, vestito solo con un perizoma. Due soldati romani lo colpiscono con flagelli. A destra, due sacerdoti assistono alla scena.
rilievo	Tavoletta in legno scolpita a rilievo rappresentante l'orazione di Cristo nell'orto di Getsemani. Sulla destra in alto è raffigurato Cristo inginocchiato in preghiera con il volto rivolto verso l'alto ove c'è una nube purtroppo abrasa. In primo piano, riversi sul prato, dormono gli apostoli	Una tavoletta in legno scolpita a rilievo mostra l'orazione di Cristo nell'orto di Getsemani. In alto a destra c'è Cristo inginocchiato in preghiera, guardando verso una nube. In primo piano, gli apostoli dormono sul prato.
rilievo	Tavoletta in legno scolpita a rilievo rappresentante l'incoronazione di spine. Al centro della sena è raffigurato Cristo seduto con le braccia legate, ricoperto da un mantello, mentre tre soldati in piedi dietro di lui sono intenti a porgergli sulla testa la corona di spine. A destra due sacerdoti assistono alla scena	Una tavoletta in legno scolpita a rilievo mostra l'incoronazione di spine. Al centro c'è Cristo seduto con le braccia legate e coperto da un mantello. Tre soldati dietro di lui gli pongono la corona di spine sulla testa. A destra, due sacerdoti assistono alla scena.
pianeta (elemento d'insieme)	Pianeta di velluto rosso con ricami policromi. Sulla parte posteriore il fregio verticale contiene le immagini dei Santi Dalmazzo, Primo e Feliciano; sulla parte anteriore i Santi Rocco e Sebastiano	Una pianeta di velluto rosso con ricami policromi. Sul retro ci sono le immagini dei Santi Dalmazzo, Primo e Feliciano; sul davanti ci sono i Santi Rocco e Sebastiano.
dipinto	La scena rappresenta Gesù seduto su di un alto trono all'interno di un tempio attorniato dai Dottori	La scena mostra Gesù seduto su un alto trono all'interno di un tempio, circondato dai Dottori.
dipinto	La scena rappresenta Cristo legato alla colonna che subisce la flagellazione da parte di tre soldati	La scena mostra Cristo legato a una colonna mentre subisce la flagellazione da parte di tre soldati.
tabernacolo (elemento d'insieme)	Il tabernacolo, ornato da sei colonnine tortili, ha uno sportello con due csene intagliate: quella inferiore raffigura l'Annunciazione, quella superiore non è leggibile dalla fotografia	Il tabernacolo è ornato da sei colonnine tortili e ha uno sportello con due scene intagliate: l'Annunciazione in basso e una scena non leggibile in alto.
tronetto per esposizione eucaristica (elemento d'insieme)	Al di sopra del tabernacolo è posto il tronetto per l'esposizione eucaristica, il cui dossale, delimitato da volute e teste cherubiche, ha un intaglio raffigurante il Crocifisso. L'oggetto è fiancheggiato da due statue di angeli e sormontato da una corona	Sopra il tabernacolo c'è un tronetto per l'esposizione eucaristica, con un dossale decorato con volute e teste di cherubini. Al centro c'è un intaglio del Crocifisso, fiancheggiato da due statue di angeli e sormontato da una corona.
dipinto (elemento d'insieme)	L'episodio, dipinto a sinistra della lunetta, raffigura il santo, che camminando in un paesaggio roccioso, accompagnato da un altro monaco, benedice un gruppo di mendicanti	L'episodio dipinto a sinistra della lunetta mostra un santo che cammina in un paesaggio roccioso, accompagnato da un altro monaco, mentre benedice un gruppo di mendicanti.
dipinto (elemento d'insieme)	Al centro della lunetta, entro una cornice giallina con conchiglia centrale, volute e cornucopie laterali, la Madonna col Bambino che porge il ramo di giglio, appare a Sant'Antonio da Padova inginocchiato davanti all'altare, mentre sullo sfondo un gruppo di monaci s'intravedono da un tendaggio scostato	Al centro della lunetta, dentro una cornice gialla con conchiglia centrale, volute e cornucopie laterali, la Madonna col Bambino porge un ramo di giglio a Sant'Antonio da Padova inginocchiato davanti all'altare. Sullo sfondo si intravedono monaci dietro un tendaggio.
dipinto (elemento d'insieme)	Nella lunetta, a destra è raffigurato il miracolo dell'asino: ossia per convincere un ebreo, Sant'Antonio mostra un ostensorio ad un asino e questi s'inginocchia	Nella lunetta a destra è raffigurato il miracolo dell'asino: per convincere un ebreo, Sant'Antonio mostra un ostensorio a un asino che si inginocchia.
dipinto (elemento d'insieme)	Episodio della vita di Sant'Antonio raffigurante la predica ai pesci. Il dipinto è sormontato da una cartella con iscrizione	Un episodio della vita di Sant'Antonio mostra la predica ai pesci. Il dipinto è sormontato da una cartella con iscrizione.
dipinto (elemento d'insieme)	dipinto raffigurante madonna con bambino in grembo, avvolto da un panneggio di colore chiaro e manto lungo della vergine	Questo dipinto mostra la Madonna che tiene in grembo un bambino. Entrambi sono avvolti in un tessuto chiaro. La Madonna indossa un lungo mantello.
dipinto	Al centro della scena, occupandola quasi totalmente nel senso dell'altezza, è rappresentata la croce con il Cristo crocifisso che rivolge gli occhi al cielo. A sinistra, stante, con lo sguardo dolente rivolto verso il Cristo, è dipinta la Madonna; di fianco a lei, la sostiene San Giovanni Evangelista, mentre più arretrato appare Giuseppe d'Arimatrea. La Maddalena piange inginocchiata ai piedi della croce, mentre sulla destra in secondo piano si vede la figura di un soldato a cavallo	Al centro del dipinto c'è una croce con Cristo crocifisso che guarda verso il cielo. A sinistra, la Madonna guarda Cristo con dolore. San Giovanni Evangelista la sostiene. Giuseppe d'Arimatea è più indietro. La Maddalena piange ai piedi della croce. A destra, c'è un soldato a cavallo.
dipinto	Santo stante inquadrato da una nicchia coi pennacchi adorni di teste cherubiche. L'imponente figura, ritoccata nella parte terminale della tunica, è frontale, regge un'asta ed apre il mantello rosso. Il volto è glabro, i capelli corti. L'abbigliamento da pellegrino lo fa riconoscere come San Giacomo Maggiore	Questo dipinto mostra San Giacomo Maggiore in una nicchia decorata con teste di cherubini. San Giacomo è in piedi, tiene un'asta e apre il mantello rosso. Ha il volto senza barba e capelli corti. Indossa abiti da pellegrino.
dipinto	Figure di santo stante, incorniciato da una semplice nicchia i cui pennacchi sono adorni di teste cherubiche alate. Il manto verde molto ampio è trattenuto dal santo con entrambe le mani, in mezzo alle quali porta un libro; il volto severo ha i tratti tirati ed è quasi calvo	Il dipinto mostra un santo in piedi in una nicchia semplice con teste di cherubini. Il santo indossa un ampio mantello verde e tiene un libro tra le mani. Ha un volto severo e quasi calvo.
rilievo	Al centro della scena è rappresentato il Cristo, stante, con la corona di spine sul capo e il torso nudo, mentre due soldati gli tolgono la tunica, altri due assistono, mentre una terza figura, in basso a destra, è seduta a terra accanto ad un cesto	Al centro del dipinto c'è Cristo in piedi con la corona di spine e il torso nudo. Due soldati gli tolgono la tunica. Altri due soldati assistono. Una terza figura è seduta a terra accanto a un cesto.
rilievo	La scena raffigura due sgherri che issatisi sulla croce per mezzo di una scala, depongono il corpo di Cristo avvolgendolo in un sudario e passandolo nelle mani di S. Giovanni e di un altra figura maschile di spalle. Sulle sinistra della croce vi son la Madonna e la Maddalena	Due uomini su una scala depongono il corpo di Cristo dalla croce, avvolgendolo in un sudario. San Giovanni e un altro uomo lo prendono. A sinistra della croce ci sono la Madonna e la Maddalena.
rilievo	La scena raffigura il corpo esanime di Cristo, avvolto dal sudario e deposto nel sepolcro da due uomini con ampio copricapo e pianto dalla Madonna, Maddalena e San Giovanni Evangelista	Il corpo di Cristo, avvolto in un sudario, è deposto nel sepolcro da due uomini con ampi copricapi. La Madonna, la Maddalena e San Giovanni Evangelista piangono.
rilievo	Al centro della scena è rappresentato il Cristo, in piedi, che rivece la croce, con due sgherri che lo aiutano ad issarla, un soldato con elmo, corta tunica e calzari. Un altro soldato è sulla sinistra, in sella ad un cavallo, che tiene in mano il vessillo romano. Sullo sfondo, una costruzione con arcata	Cristo è in piedi al centro del dipinto, riceve la croce con l'aiuto di due uomini. Un soldato con elmo e tunica corta è a cavallo sulla sinistra. Sullo sfondo c'è una costruzione con un arco.
rilievo	In primo piano è raffigurato Cristo che cade a terra, sotto il peso della croce. Sopra di lui due sgherri cercano di raccoglierlo ed un altro sta per colpirlo con un bastone. Sulla sinistra, in basso, uno sgherro cerca di trascinare Cristo a terra per una fune, mentre in alto inveisce un soldato a cavallo	Cristo è a terra sotto il peso della croce. Due uomini cercano di sollevarlo, uno sta per colpirlo con un bastone. Un altro uomo cerca di trascinarlo con una fune. Un soldato a cavallo inveisce dall'alto.
rilievo	In primo piano è raffigurato Cristo, con la croce sulla spalla, mentre dietro di lui sono raffigurati due soldati di cui uno a cavallo. Simone il Cireneo, è rappresentato con turbante in testa, sulla destra, in atto di sollevare la parte terminale della croce. Sulla sinistra, due sgherri di cui uno in basso tira Cristo per la fune	Cristo porta la croce sulla spalla. Dietro di lui ci sono due soldati, uno a cavallo. Simone il Cireneo, con un turbante, solleva la croce. Un uomo tira Cristo con una fune.
rilievo	Al centro della scena è rappresentato Cristo con la croce sulla spalla. Sulla sinistra gli si avvicina la Veronica che tiene in mano il panno nel quale Cristo si asciugherà il volto. La donna è dipinta di profilo ed inginocchiata. Dietro di lei uno sgherro tira la fune che lega Cristo, il quale ha dietro di sè un soldato che gli tiene la testa e cerca di colpirlo con un bastone. All'estrema destra, Simone il Cireneo regge la parte terimnale della croce	Cristo porta la croce sulla spalla. La Veronica si avvicina con un panno per asciugare il volto di Cristo. Dietro di lei, un uomo tira la fune che lega Cristo. Un soldato cerca di colpirlo con un bastone. Simone il Cireneo regge la croce.
rilievo	Al centro della scena vi è Cristo caduto sotto il peso della croce, attorniato dai soldati di cui uno con un bastone in mano	Cristo è a terra sotto il peso della croce, circondato da soldati. Uno di loro ha un bastone in mano.
dipinto	Il dipinto raffigura al centro della scena Pilato sul trono, attorniato da soldati romani e la figura di Cristo posta sulla sinistra, con la corona di spine sulla testa e vestita con una lunga tunica	Al centro del dipinto c'è Pilato sul trono, circondato da soldati romani. Cristo è sulla sinistra, con la corona di spine e una lunga tunica.
dipinto	Il dipinto raffigura Cristo al centro della scena, in primo piano, visto frontalmente, mentre due soldati ai lati gli stanno togliendo la lunga tunica. In secondo piano una fitta folla di astanti e un paesaggio collinare	Cristo è al centro del dipinto, visto frontalmente, mentre due soldati gli tolgono la tunica. Dietro di loro c'è una folla e un paesaggio collinare.
dipinto	Al centro della scena è raffigurato Cristo deposto dalla croce e disteso sulle gambe di Maria, mentre due personaggi maschili con lunghe tuniche sono ancora issati sulle scale. Sulla sinistra della croce ci sono due donne dolenti, sulla destra San Giovanni ed in primo piano la Maddalena piangente	Cristo è deposto dalla croce e disteso sulle gambe di Maria. Due uomini con lunghe tuniche sono ancora sulle scale. A sinistra ci sono due donne dolenti, a destra San Giovanni e la Maddalena piangente.
dipinto	Cristo è raffigurato in piedi, al centro della scena, con la croce sulla spalla destra, mentre incontra la Madonna la quale gli va incontro a braccia aperte. I volti non sono espressivi. Sullo sfondo vi sono i soldati romani e le pie donne tra alti palazzi quasi novecenteschi	Cristo porta la croce sulla spalla destra e incontra la Madonna che gli va incontro a braccia aperte. Sullo sfondo ci sono soldati romani e donne tra alti palazzi.
dipinto	La scena raffigura Cristo, disteso a terra sotto il peso della croce, attorniato da soldati di cui due intenti a rialzare la croce ed uno a tirare la fune a cui è legato Cristo. Sullo sfondo prospettiva di alti palazzi a più piani	Cristo è a terra sotto il peso della croce, circondato da soldati. Due di loro cercano di rialzare la croce, uno tira la fune che lega Cristo. Sullo sfondo ci sono alti palazzi.
dipinto	La scena raffigura la deposizione del corpo esamine di Cristo entro il sepolcro. Il volto del Cristo è ben scorciato, ricurvo all'indietro, mentre tre uomini lo stanno posizionando nel sepolcro marmoreo. Assistono alla scena Maria ed altri personaggi maschili e femminili	Tre uomini depongono il corpo di Cristo nel sepolcro marmoreo. Maria e altri personaggi assistono alla scena.
statua	Statua raffigurante San Domenico, a figura intera, con ampio abito bianco e manto nero, che tiene con la mano destra il libro	Statua di San Domenico in piedi, con un ampio abito bianco e un mantello nero. Tiene un libro con la mano destra.
dipinto	L'affresco raffigura in primo piano due inginocchiati di cui uno con libro aperto in nano, mitra e pastorale ai piedi, l'altro con una pietra in mano ed un libro. In secondo piano, due santi in piedi: un santo papa ed un santo vescovo	L'affresco mostra due persone inginocchiate, una con un libro aperto, mitra e pastorale ai piedi, l'altra con una pietra e un libro. Dietro di loro ci sono due santi in piedi: un papa e un vescovo.
dipinto	L'affresco raffigura in primo piano inginocchiate Santa Chiara con l'ostensorio in mano e Santa caterina da Siena con il giglio. Dietro di loro, più in alto, stanno ugualmente inginocchiati, San Francesco e San Domenico col giglio in mano	L'affresco mostra Santa Chiara inginocchiata con un ostensorio in mano e Santa Caterina da Siena con un giglio. Dietro di loro, più in alto, sono inginocchiati San Francesco e San Domenico con un giglio in mano.
dipinto	L'affresco raffigura in primo piano Santa Margherita d'Antiochia col drago ai suoi piedi con un'altra santa. In secondo piano, sedute su delle nuvole, vi sono Sant'Agata con la palma del martirio in mano ed il piatto coi seni recisi ed un'altra santa non identificata	L'affresco mostra Santa Margherita d'Antiochia con un drago ai suoi piedi e un'altra santa. In secondo piano, su delle nuvole, ci sono Sant'Agata con la palma del martirio e un piatto con i seni recisi, e un'altra santa non identificata.
dipinto	L'affresco raffigura la Madonna incoronata da Cristo e Dio Padre, con in mezzo la colomba dello spirito santo. In basso, ai lati, assistono alla scena San Giovanni Battista ed un santo soldato con vessillo crociato	L'affresco mostra la Madonna incoronata da Cristo e Dio Padre, con la colomba dello Spirito Santo in mezzo. In basso, ai lati, ci sono San Giovanni Battista e un santo soldato con un vessillo crociato.
dipinto	L'affresco raffigura due santi in adorazione della Sacra Sindone sostenuta in cielo da due angeli. Il santo francescano potrebbe essere San Bernardino da Siena in quanto ha delle mitrie ai piedi, mentre l'altro santo ha abiti principeschi e potrebbe essere San Luigi di Francia che sorregge una tavola con un'iscrizione	L'affresco mostra due santi che adorano la Sacra Sindone sostenuta in cielo da due angeli. Il santo francescano potrebbe essere San Bernardino da Siena, mentre l'altro santo, con abiti principeschi, potrebbe essere San Luigi di Francia.
dipinto	L'affresco raffigura in primo piano inginocchiati i santi Lorenzo e Sebastiano con i simboli del martirio. In secondo piano due santi in piedi: Santo Stefano ed un santo vescovo con pastorale, mitra ai piedi e due palle	L'affresco mostra i santi Lorenzo e Sebastiano inginocchiati con i simboli del martirio. In secondo piano, in piedi, ci sono Santo Stefano e un santo vescovo con pastorale, mitra ai piedi e due palle.
dipinto	L'affresco raffigura in primo piano inginocchiate Santa Maria Maddalena coi lunghi capelli e l'ampolla d'olio e Santa caterina d'Alessandria con la corona e la ruota. In secondo piano in piedi, vi sono San Rocco in abiti da pellegrino che mostra la piaga sulla coscia e San Luigi di Francia	L'affresco mostra Santa Maria Maddalena inginocchiata con lunghi capelli e un'ampolla d'olio, e Santa Caterina d'Alessandria con una corona e una ruota. In secondo piano, in piedi, ci sono San Rocco in abiti da pellegrino e San Luigi di Francia.
dipinto	L'affresco raffigura in primo piano due sante inginocchiate ed altre due in piedi di cui una con corona e vessillo, l'altra in abito monacale	L'affresco mostra due sante inginocchiate e altre due in piedi. Una ha una corona e un vessillo, l'altra indossa un abito monacale.
dipinto (elemento d'insieme)	Scene dipinta, incorniciata con fascioni mistilinei in stucco, con figura dal manto svolazzante ed espressione ieratica	Il dipinto mostra una figura con un mantello svolazzante e un'espressione ieratica, incorniciata da fascioni mistilinei in stucco.
dipinto (elemento d'insieme)	Scene dipinta, incorniciata con fascioni mistilinei in stucco, con figure dall'espressione ieratica e un po'rigida	Il dipinto mostra figure con espressioni ieratiche e un po' rigide, incorniciate da fascioni mistilinei in stucco.
dipinto (elemento d'insieme)	Dipinto raffigurante il primo mistero del rosario, collocato intorno alla nicchia del dossale d'altare	Il dipinto mostra il primo mistero del rosario, collocato intorno alla nicchia del dossale d'altare.
dipinto (elemento d'insieme)	Dipinto raffigurante il decimo mistero del rosario, collocato intorno alla nicchia del dossale d'altare	Il dipinto mostra il decimo mistero del rosario, collocato intorno alla nicchia del dossale d'altare.
dipinto (elemento d'insieme)	Dipinto raffigurante il tredicesimo mistero del rosario, collocato intorno alla nicchia del dossale d'altare	Il dipinto mostra il tredicesimo mistero del rosario, collocato intorno alla nicchia del dossale d'altare.
dipinto (elemento d'insieme)	Dipinto raffigurante il secondo mistero del rosario, collocato intorno alla nicchia del dossale d'altare	Il dipinto mostra il secondo mistero del rosario, collocato intorno alla nicchia del dossale d'altare.
dipinto (elemento d'insieme)	Dipinto raffigurante il quinto mistero del rosario, collocato intorno alla nicchia del dossale d'altare	Il dipinto mostra il quinto mistero del rosario, collocato intorno alla nicchia del dossale d'altare.
dipinto (elemento d'insieme)	Dipinto raffigurante il sesto mistero del rosario, collocato intorno alla nicchia del dossale d'altare	Il dipinto mostra il sesto mistero del rosario, collocato intorno alla nicchia del dossale d'altare.
dipinto (elemento d'insieme)	Dipinto raffigurante l'ottavo mistero del rosario, collocato intorno alla nicchia del dossale d'altare	Il dipinto mostra l'ottavo mistero del rosario, collocato intorno alla nicchia del dossale d'altare.
reliquiario (a busto, elemento d'insieme)	Ognuno deI quattro busti presenta la base e il manto dorato; il retro non è rifinito posteriormente, dov'è svuotato per permettere l'introduzione della reliquia	Ognuno dei quattro busti ha la base e il mantello dorati. Il retro non è rifinito ed è svuotato per permettere l'introduzione della reliquia.
dipinto (elemento d'insieme)	Il dipinto rappresenta un episodio biblioco non identificato. Cromaticamente si caratterizza per il prevalere delle tonalità verdastre dello sfondo e del paesaggio che si accordano con i verdi degli affreschi della volta	Il dipinto mostra un episodio biblico non identificato. I colori predominanti sono le tonalità verdastre dello sfondo e del paesaggio, che si accordano con i verdi degli affreschi della volta.
dipinto (opera isolata)	Le figure di Salomè e di Erodiade stanti, l'una di fronte all'altra, occupano buona parte della tela. Sulla destra, è dipinta Salomè; porta i capelli parzialmente raccolti, con boccoli che scendono sulle spalle e una acconciatura con piume. Lo sguardo è rivolto verso l'osservatore. Indossa una ricca veste con scollo quadrato, alto punto vita, maniche a gigot con soprammaniche con tagli; al di sopra un mantello svolazzante; al collo un filo di perle; porta gli orecchini a pendente. Tiene in mano un piatto con la testa di s. Giovanni Battista, barbata; gli occhi chiusi e la bocca semi aperta. Ai suoi piedi, riverso, il corpo di s. Giovanni Battista, copertto del solo perizoma; dal collo tagliato fuoriesce uno zampillo di sangue. Sulla destra, Erodiade, analogamente abbigliata, porta i capelli raccolti e parzialmente coperti da elaborato copricapo; indossa una collana e orecchini con pendente. In una mano tiene un fazzoletto. Sulla sinistra, dietro le spalle di Salomè, uno sgherro con lunghi capelli e barba. La scena è ambientata all'interno di una prigione, allusa dal tono bruno del fondo e dalla finestra con grata in alto a sinistra. I colori sono vivaci, in particolare nei particolari di vesti e gioielli	Il dipinto mostra Salomè e Erodiade in piedi, una di fronte all'altra. Salomè tiene un piatto con la testa di San Giovanni Battista. Erodiade tiene un fazzoletto. La scena è ambientata in una prigione.
dipinto (opera isolata)	Le due figure di santi, stanti, di tre quarti, con lo sguardo rivolto verso l'alto, ove è rappresentata la colomba dello Spirito Santo occupano l'intero spazio della tela. A sinistra, s. Antonio Abate, con il capo calvo e barbato; indossa una tunica bruna, parzialmente coperta da mantello con il simbolo del tau sulla spalla. Una mano è portata al petto e l'altra tiene un bastone al quale è appesa una campanella. Ai suoi piedi, a sinistra, un maiale. A destra s. Agostino: il capo è barbato e coperto dalla mitrian. Indossa una tunica con strette maniche quasi del tutto copera dal piviale con bordo ricamato. Le mani sono giunte in preghiera e su un braccio poggia il pastorale. I colori sono accesi	Il dipinto mostra due santi in piedi, di tre quarti, che guardano verso l'alto dove c'è la colomba dello Spirito Santo. A sinistra c'è Sant'Antonio Abate con un maiale ai suoi piedi. A destra c'è Sant'Agostino con una mitra e un pastorale.
dipinto (elemento d'insieme)	In primo piano è dipinta, al centro, una figura femminile seduta, con i capelli raccolti, abbigliata all'antica, che cerca di difendere il proprio bambino, in fasce, dalla presa di un uomo chinato sopra di lei, con i capelli corti e il torso nudo. Sulla destra, di profilo, è rappresentato un soldato con lorica, mantello, calzari ed elmo piumato che con una mano tiene per i capelli una donna con un bambino in braccio. In secondo piano, altre figure femminili analoghe, con bambini in braccio, sono intente a fuggire o si divincolano dalla presa di altri soldati simili al precedente. Sullo sfondo, una struttura architettonica con colonne, dietro alle quali si intravedono degli alberi. In alto, dietro un tendone che chiude scenograficamente la scena, sono dipinti angeli in volo, sotto forma di fanciulli, che osservano la scena. Il soggetto è trattato con tonalità di terre e di bruni, azzurri e grigi metallici. La tela è collocata entro una cornice di profilo e luce rettangolare. Battuta liscia; unica fascia percorsa da scanellature e ornata, in corrispondenza del punto mediano, da una corolla floreale stilizzata. In corrispondenza degli angoli, rilevati, ornato a punte di diamante	Il dipinto mostra una donna seduta che cerca di difendere il suo bambino da un uomo con i capelli corti e il torso nudo. A destra, un soldato con armatura e mantello tiene per i capelli una donna con un bambino. In secondo piano, altre donne con bambini cercano di fuggire dai soldati. Sullo sfondo, ci sono colonne e alberi. In alto, angeli in volo osservano la scena. I colori usati sono tonalità di terra, marrone, azzurro e grigio. La cornice è rettangolare con decorazioni floreali e angoli ornati.
dipinto (elemento d'insieme)	Al centro della scena, di lieve tre quarti, è dipinto il Cristo, barbato, con i capelli alle spalle, il corpo parzialmente coperto da un manto bianco, panneggiato, torso scoperto. Lo sguardo è rivolto verso destra, alla Vergine, in veste rosa e manto azzurro che funge da velo, inginocchiata di fronte a lui mentre gli tiene le mani. Dietro di lei, si riconoscono s. Pietro, barbato e s. Giovanni evangelista, in forma di giovane, con tunica verde e manto rosso. Dietro di lui un angelo indica verso l'alto. Di fianco alla Vergine, in primo piano, a sinistra, un uomo barbato con capo coronato e manto rosso, nell'atto di sollevare la donna. In secondo piano alcune figure maschili barbate, una con il capo coperto, l'altra con il copricapo da sacerdote. Sullo sfondo, a sinistra, è allusa una seconda scena non leggibile; sulla destra si intravedono un palazzo e una torre. In alto, tre angeli sotto forma di fanciulli suonano strumenti musicali e osservano la scena. La tela è collocata entro una cornice di profilo e luce rettangolare. Battuta liscia; unica fascia percorsa da scanellature e ornata, in corrispondenza del punto mediano, da una corolla floreale stilizzata. In corrispondenza degli angoli, rilevati, ornato a punte di diamante	Al centro del dipinto c'è Cristo con barba e capelli lunghi, coperto parzialmente da un manto bianco. Guarda verso la Vergine, inginocchiata di fronte a lui, che gli tiene le mani. Dietro di lei ci sono San Pietro e San Giovanni Evangelista. Un angelo indica verso l'alto. A sinistra, un uomo con corona e mantello rosso solleva una donna. In secondo piano, ci sono altre figure maschili. Sullo sfondo, si vedono un palazzo e una torre. In alto, tre angeli suonano strumenti musicali. La cornice è rettangolare con decorazioni floreali e angoli ornati.
dipinto (elemento d'insieme)	In primo piano, a destra, stante, di parziale tre quarti, è dipinto il Cristo, barbato, con i capelli alle spalle; indossa una tunica con lunghe maniche rossa e manto sulla spalla azzurro. Con una mano indica verso l'alto e con l'altra si appoggia a una zappa. Lo sguardo è rivolto verso una figura femminile inginocchiata di fronte a lui, con tunica azzurra e manto giallo, che porta una mano al petto. Sulla sinistra, un albero frondoso fa da quinta alla scena. Sulla destra, in secondo piano, con tocchi pittorici più leggeri è dipinto il Cristo mentre esce dal sepolcro, nei pressi di una grotta, e un angelo. Ampio brano di cielo chiaro solcato da nubi. La tela è collocata entro una cornice di profilo e luce rettangolare. Battuta liscia; unica fascia percorsa da scanellature e ornata, in corrispondenza del punto mediano, da una corolla floreale stilizzata. In corrispondenza degli angoli, rilevati, ornato a punte di diamante	A destra del dipinto c'è Cristo con barba e capelli lunghi, che indossa una tunica rossa e un mantello azzurro. Indica verso l'alto con una mano e si appoggia a una zappa con l'altra. Guarda una donna inginocchiata di fronte a lui, con tunica azzurra e mantello giallo. A sinistra, c'è un albero frondoso. In secondo piano, Cristo esce dal sepolcro vicino a una grotta, con un angelo. Il cielo è chiaro con nubi. La cornice è rettangolare con decorazioni floreali e angoli ornati.
dipinto (elemento d'insieme)	Al centro della scena, stante, con il capo aureolato e velato, è dipinta Maria Vergine. Indossa una veste rosa e manto azzurro. Con una mano tiene il Bambino, nudo, biondo, che è sostenuto anche da s. Giuseppe, anziano e barbato, curvo, con un manto giallo, sulla destra della tela. Di fianco a lui strumenti da falegname. Sulla destra, in primo piano, sono rappresentati i Re Magi. L'uno chino verso il Bambino benedicente, è calvo e barbato, con una tunica azzurra, manto di ermellino e ulteriore drappo giallo e tiene in mano un contenitore in argento con coperchio, riccamente ornato. Dietro di lui, stnate, avvolto in un mantello rosso, con turbante sul capo e babra, il secondo ha in mano un altro contenitore. Il terzo, moro, con veste e turbante blu ha il viso rivolto verso la Vergine. Sfondo neutro di colore scuro. Dietro alla Vergine si intravede una colonna. La tela è posta entro una cornice in legno intagliato e dorato di profilo e luce mistilinei, analoghi al dipinto. Tipologia a cassetta; battuta liscia. Fasce sottili esterne e interne, lisce; fascia centrale con ornato a baccellature	Al centro del dipinto c'è Maria Vergine con un'aureola e un velo. Indossa una veste rosa e un mantello azzurro. Tiene il Bambino nudo, sostenuto anche da San Giuseppe, anziano e barbato, con un mantello giallo. Vicino a lui ci sono strumenti da falegname. A destra, ci sono i Re Magi. Uno è chino verso il Bambino con una tunica azzurra e un mantello di ermellino, e tiene un contenitore d'argento. Dietro di lui, un altro Re Mago con mantello rosso e turbante tiene un altro contenitore. Il terzo Re Mago, moro, con veste e turbante blu, guarda verso la Vergine. Sullo sfondo c'è una colonna. La cornice è in legno intagliato e dorato con decorazioni floreali.
dipinto (elemento d'insieme)	Il personaggio è rappresentato a mezzo busto, di tre quarti e occupa buona parte della scena. Volge lo sguardo verso il basso, intento a leggere il volume che tiene tra le mani. Il capo è aureolato. Porta la mitria di colore chiaro ornata da diadema. Indossa, sopra il camice bordato di pizzo, un piviale di damasco rosso con fascia gialla. Sfondo neutro di colore scuro. La tela è collocata entro una cornice in legno intagliato e dorato di profilo e luce mistilinei, analoghi al perimetro della tela. Battuta liscia. Tipologia a cassetta; battuta liscia. Fasce sottili interna, liscia; fascia esterna con ornato a baccellature	Il dipinto mostra un personaggio a mezzo busto, di tre quarti, che guarda verso il basso leggendo un libro. Ha un'aureola e indossa una mitria chiara con diadema. Sopra il camice bordato di pizzo, indossa un piviale di damasco rosso con fascia gialla. Lo sfondo è scuro. La cornice è in legno intagliato e dorato con decorazioni floreali.
dipinto (elemento d'insieme)	Il personaggio è rappresentato a mezzo busto, di tre quarti e occupa buona parte della scena. Volge lo sguardo verso il basso, intento a osservare il crocifisso che tiene tra le mani. Il capo è aureolato e circonfuso da luce. Porta una corta baffa e capo tonsurato. Indossa un saio bruno con cappuccio. Una mano è portata al costato. Il volto è esangue. Sfondo neutro di colore scuro. La tela è collocata entro una cornice in legno intagliato e dorato di profilo e luce mistilinei, analoghi al perimetro della tela. Battuta liscia. Tipologia a cassetta. Fascia interna ed esterna modinate; centrale liscia	Il dipinto mostra un personaggio a mezzo busto, di tre quarti, che guarda verso il basso osservando un crocifisso tra le mani. Ha un'aureola e una luce intorno alla testa. Indossa un saio bruno con cappuccio. Una mano è sul costato. Il volto è pallido. Lo sfondo è scuro. La cornice è in legno intagliato e dorato con decorazioni floreali.
statua (elemento d'insieme)	Il personaggio, è rappresentato di tre quarti, lievemente chinato verso destra, stante, nell'atto di scrivere il Vangelo. Il capo è aureolato e barbato, fronte lievemente stempiata. Indossa tunica con maniche lunghe e largo scollo e manto panneggiato che gli cinge i fianchi. I piedi sono nudi. Sulla destra, è accovacciato il leone. Poggia su un basamento a sezione mistilinea, con basso gradino, con foro ovale al centro, profilato, superiormente, da cornice modinata. Anche la base è dorata	Il dipinto mostra un personaggio di tre quarti, leggermente chinato verso destra, mentre scrive il Vangelo. Ha un'aureola e una barba, con la fronte leggermente stempiata. Indossa una tunica con maniche lunghe e un mantello. I piedi sono nudi. A destra, c'è un leone accovacciato. La base è dorata con decorazioni floreali.
statua (elemento d'insieme)	Il personaggio, è rappresentato di tre quarti, lievemente rivolto verso destra, stante, con il libro aperto in mano. Il capo è aureolato e il volto è giovanile, imberbe; capelli mossi. Indossa tunica con maniche lunghe e largo scollo e manto panneggiato che gli cinge i fianchi. I piedi sono nudi. Sulla sinistra, immediatamente al di sotto del libro, è scolpito un aquila in volo, con il muso rivolto verso destra. Poggia su un basamento a sezione mistilinea, con basso gradino, con foro ovale al centro, profilato, superiormente, da cornice modinata. Anche la base è dorata	Il dipinto mostra un personaggio di tre quarti, leggermente rivolto verso destra, con un libro aperto in mano. Ha un'aureola e un volto giovanile senza barba, con capelli mossi. Indossa una tunica con maniche lunghe e un mantello. I piedi sono nudi. A sinistra, sotto il libro, c'è un'aquila in volo. La base è dorata con decorazioni floreali.
statua (elemento d'insieme)	Il personaggio è rappresentato stante, con una lieve torsione del busto, rivolto verso sinistra. Il capo, barbato, stempiato e aureolato. Indossa una tunica girocollo con lunghe maniche e un mantello, fittamente panneggiato, che gli cinge i fianchi. Sandali ai piedi. In una mano tiene la spada, rivolta verso il basso, l'altra è sollevata e con l'indice rivolto verso l'alto. Poggia su un basamento a sezione mistilinea, con basso gradino, profilato da volute e con un foro ovale al centro; superiormente cornice modinata mistilinea. Anche la base è dorata	Il dipinto mostra un personaggio in piedi, leggermente rivolto verso sinistra. Ha una barba, è stempiato e ha un'aureola. Indossa una tunica con lunghe maniche e un mantello. Ai piedi ha dei sandali. In una mano tiene una spada rivolta verso il basso, l'altra mano è sollevata con l'indice puntato verso l'alto. La base è dorata con decorazioni floreali.
statua (elemento d'insieme)	Il personaggio è rappresentato stante, frontalmente. Il capo è barbato e aureolato. Indossa un manto, fittamente panneggiato, che poggia su una sola spalla, lasciando parte del petto scoperto, e gli cinge i fianchi. I piedi sono nudi. Entrambe le braccia sono sollevate; una mano ha l'indice puntato verso l'alto. Ai piedi del Cristo, accovacciato, l'agnello. Poggia su un basamento a sezione mistilinea, con basso gradino, profilato da volute e con un foro ovale al centro; superiormente cornice modinata mistilinea. Anche la base è dorata	Il dipinto mostra un personaggio in piedi, frontalmente. Ha una barba e un'aureola. Indossa un mantello che copre una spalla e lascia parte del petto scoperto. I piedi sono nudi. Entrambe le braccia sono sollevate, una mano ha l'indice puntato verso l'alto. Ai piedi del personaggio c'è un agnello accovacciato. La base è dorata con decorazioni floreali.
statua (elemento d'insieme)	Il personaggio è rappresentato stante, con una lieve torsione del busto verso destra. Il capo, con i capelli corti, è rivolto verso l'alto. Indossa una tunica e al di sopra una dalmatica, panneggiata. Su un polso poggia un manipolo. Scarpe ai piedi. Una mano è rivolta al petto; l'altra, con braccio sollevato, mostra alcune pietre. Poggia su un basamento a sezione mistilinea, con basso gradino, profilato da volute e con un foro ovale al centro; superiormente cornice modinata mistilinea. Anche la base è dorata	Il dipinto mostra un personaggio in piedi, leggermente rivolto verso destra. Ha i capelli corti e guarda verso l'alto. Indossa una tunica e una dalmatica. Su un polso c'è un manipolo. Ai piedi ha delle scarpe. Una mano è sul petto, l'altra mano sollevata mostra alcune pietre. La base è dorata con decorazioni floreali.
statua (elemento d'insieme)	Il personaggio è rappresentato stante, con una lieve torsione del busto verso destra. Il capo, con i capelli corti, è rivolto verso il basso. Indossa una tunica e al di sopra una dalmatica, panneggiata. Scarpe ai piedi. Entrambe le mani dovevano, originariamente, sorreggere una graticola, perduta, come suggerisce la loro posa. Poggia su un basamento a sezione mistilinea, con basso gradino, profilato da volute e con un foro ovale al centro; superiormente cornice modinata mistilinea. Anche la base è dorata	Il dipinto mostra un personaggio in piedi, leggermente rivolto verso destra. Ha i capelli corti e guarda verso il basso. Indossa una tunica e una dalmatica. Ai piedi ha delle scarpe. Le mani sembrano sorreggere una graticola, ora perduta. La base è dorata con decorazioni floreali.
aspersorio (elemento d'insieme)	Aspersorio costituito da impugnatura liscia e fusto decorato con foglie di alloro, all'altezza della strozzatura centrale, che ritornano anche nella decorazione del pomo	Aspersorio con impugnatura liscia e fusto decorato con foglie di alloro. Le foglie decorano anche il pomo.
turibolo (a coppa, elemento d'insieme)	Sul piede circolare è presente un bordo di foglie d'acanto. Sottocoppa baccellato con grandi foglie d'acanto le quali sono anche, lavorate a giorno, il motivo decorativo del coperchio, leggermente a bulbo. Teste di cherubini all'attacco delle catenelle. Sull'orlo della base, tre punzoni: la croce mauriziana attestante la qualità della lega; la testa di toro distintivo dell'Ufficio Marchio di Torino; il marchio del mastro argentiere non identificabile	Il piede circolare ha un bordo di foglie d'acanto. La sottocoppa è decorata con grandi foglie d'acanto, che sono anche sul coperchio. Teste di cherubini sono all'attacco delle catenelle. Sulla base ci sono tre punzoni: la croce mauriziana, la testa di toro e il marchio del mastro argentiere.
navicella portaincenso (elemento d'insieme)	Sulla base circolare è presente un bordo di foglie d'acanto. Sottocoppa baccellato ed al centro grande foglia d'acanto. Metà copertura a conchiglia. Sulla base, tre punzoni: la croce mauriziana attestante la qualità della lega; la testa di toro distintivo dell'Ufficio Marchio di Torino; il marchio del mastro argentiere non identificabile	La base circolare ha un bordo di foglie d'acanto. La sottocoppa è decorata con una grande foglia d'acanto. Metà del coperchio è a conchiglia. Sulla base ci sono tre punzoni: la croce mauriziana, la testa di toro e il marchio del mastro argentiere.
brocca (elemento d'insieme)	Piede circolare festonato da grandi foglie a margine intero. Coppa biconica con baccellatura agli estremi e collo con becco frastagliato. Elegante voluta nel manico. Nel sottobase l'impronto del punzone attestante il titolo 800 (Croce Mauriziana) e dell'Ufficio Marchio di Torino. Altri tre punzoni non sono identificabili	Il piede circolare è decorato con grandi foglie. La coppa ha una forma biconica con decorazioni a coste agli estremi e un collo con becco frastagliato. Il manico ha un'elegante voluta. Sotto la base ci sono i punzoni che attestano il titolo 800 (Croce Mauriziana) e dell'Ufficio Marchio di Torino. Altri tre punzoni non sono identificabili.
detto di Pio V (pianeta)	Pianeta dal tessuto broccato fondo argentato filato con disegno in oro filato. L'armatura raso, verde azzurrino, di fondo appare solo nei profili del disegno. Disegno: sviluppo verticale di coppie speculari di nastri ad andamento fortemente sinuoso. Questi si sdoppiano ad ogni ansa con altro girale, terminante in fiore di loto chiuso e aperto. Cespi di foglie nelle legature. Il tessuto a doppia facciata è stato usato in modo alternato nella composizione della casula. Il paramento, privo di galloni, ha conservato le croci in intagliatela negli accessori	La pianeta è fatta di tessuto broccato con un fondo argentato e disegni in oro. Il tessuto di raso verde-azzurrino appare solo nei profili del disegno. Il disegno mostra nastri sinuosi che terminano in fiori di loto. Il tessuto è stato usato in modo alternato nella composizione della casula. Non ci sono galloni, ma le croci sono conservate negli accessori.
piviale (elemento d'insieme)	Piviale in damasco in seta fondo verde, disegno verde. Disegno: vaso a cratere con mazzo di fiori stilizzati fra i quali il cardo ed il melograno allungato. Tale motivo, che si ripete in successione verticale, è inserito in una cornice di rametti con uguali fiori. Gallone tessuto in oro filato, lamellare e riccio con motivo a losanghe. Frangia in filo oro a reticella annodata	Il piviale è fatto di damasco di seta verde con disegni di vasi con mazzi di fiori stilizzati, tra cui cardo e melograno. Il motivo si ripete verticalmente ed è inserito in una cornice di rametti con fiori. Il gallone è tessuto in oro con motivo a losanghe e ha una frangia in filo d'oro annodata.
pianeta (elemento d'insieme)	Il tessuto è costituito da un fondo rosso di raso damascato, broccato a più trame in sete policrome e oro lamellare, filato e riccio. Disegno: motivo a sviluppo verticale di lunghe foglie frastagliate, in oro, ad andamento sinuoso, con grandi fiori di peonie rosso-violetto, e fiordalisi azzurri. Tale festone è legato da un cordone, con fiocchi, a formare dei medaglioni nei quali vi sono ricchi mazzi di fiori. Gallone tessuto in oro filato e lamellare con motivo di foglie acquatiche ai bordi su fondo cannellé	Il tessuto ha un fondo rosso di raso damascato, broccato con sete policrome e oro. Il disegno mostra lunghe foglie frastagliate in oro, con fiori di peonie rosso-violetto e fiordalisi azzurri. Il motivo è legato da un cordone con fiocchi, formando medaglioni con mazzi di fiori. Il gallone è tessuto in oro con motivo di foglie acquatiche.
pianeta (elemento d'insieme)	Tessuto a fondo gros, disegno per effetti di slegatura delle due trame di fondo e di trame broccate in oro lamellare, filato e riccio. Fondo rosa-salmone. Disegno: sul fondo operato a losanghe, si snoda, ad andamento ondulato verticale, un tenue ramoscello fiorito abbondantemente di campanule stilizzate. Si alternano a questo motivo dei rametti con foglie e bacche. Gallone tessuto in oro filato e lamellare con motivo di nastro svolgentesi a spirale su fondo cannelé	Il tessuto ha un fondo gros con disegni ottenuti dalla slegatura delle trame e trame broccate in oro. Il fondo è rosa-salmone. Il disegno mostra un ramoscello fiorito con campanule stilizzate e rametti con foglie e bacche. Il gallone è tessuto in oro con motivo di nastro a spirale.
pianeta (elemento d'insieme)	Pianeta in tessuto con fondo viola scuro di seta damascata, broccato a più trame in oro e argento filato, lamellare e riccio. Disegno: lungo un nastro tipo 'pizzo', in damasco viola chiaro, procedente sinuoso in senso verticale, corre un ramoscello con fiorellini stilizzati tipo cardo. A questo si intreccia altro ramoscello con lunghe foglie palmate. Gallone festonato tessuto in oro filato e lamellare con motivo di nastro, ornato di ramoscelli con foglie, attorcigliato a due aste	La pianeta è fatta di tessuto viola scuro di seta damascata, broccato con oro e argento. Il disegno mostra un nastro tipo 'pizzo' con ramoscelli e fiorellini stilizzati. Il gallone è tessuto in oro con motivo di nastro ornato di ramoscelli con foglie.
pianeta (elemento d'insieme)	Tessuto a fondo bianco di seta damascata a più trame in oro filato e riccio e sete a molteplici sfumature. Colore: bianco, rosso verde, viola, amaranto, azzurro oltremare. Disegno: motivo di due gruppi floreali alternati e allineati orizzontalmente. In uno coppia di rametti con grandi peonie, nell'altro coppia di rametti con grappoli di semi e garofani. Gallone festonato tessuto in oro filato e lamellare con motivo di foglie attorcigliate e fiori	Il tessuto ha un fondo bianco di seta damascata con trame in oro e sete di vari colori. Il disegno mostra due gruppi floreali alternati: uno con peonie e l'altro con grappoli di semi e garofani. Il gallone è tessuto in oro con motivo di foglie attorcigliate e fiori.
dalmatica (elemento d'insieme)	Fondo gros moiré di seta gialla laminato in oro. Gallone tessuto in argento filato e lamellare con motivo di grandi e piccoli rombi alternati su fondo cannetillé. Il gallone è stato sostituito, con altro di fattura più recente, nelle maniche di una dalmatica. I bordi hanno festone a fuselli	Il tessuto ha un fondo gros moiré di seta gialla laminato in oro. Il gallone è tessuto in argento con motivo di rombi alternati. Il gallone delle maniche di una dalmatica è stato sostituito con uno più recente. I bordi hanno un festone a fuselli.
pianeta (elemento d'insieme)	Tela in seta rossa laminata oro. Gallone tessuto in oro filato e lamellare con motivo di grandi foglie acquatiche, opposte e legate fra loro da un sottile ramoscello sinuoso	Il tessuto è di seta rossa laminata in oro. Il gallone è tessuto in oro con motivo di grandi foglie acquatiche legate da un ramoscello sinuoso.
dalmatica (elemento d'insieme)	Damasco in seta, fondo viola. Disegno: un grande mazzo di fiori, fra i quali una peonia, è posto in un vaso ad anfora biansata e con baccellature. Tale motivo a medaglione è incorniciato da ghirlanda di pampini con uva e spighe. Gallone tessuto in oro filato e riccio con motivo di acanto svolgentesi a spirale e foglioline	Il damasco di seta ha un fondo viola. Il disegno mostra un grande mazzo di fiori in un vaso ad anfora, incorniciato da una ghirlanda di pampini con uva e spighe. Il gallone è tessuto in oro con motivo di acanto a spirale.
dalmatica (elemento d'insieme)	Damasco in seta fondo rosso. Disegno: in rosso, motivo sviluppantesi in verticale con ramoscelli inquadranti mazzi di fiori, fra i quali delle grandi peonie, disposti in modo alterno. Il disegno sul fondo di raso è contornato da zone in cannetillé. Gallone tessuto in oro filato e lamellare con motivo di foglie di salice a spina di pesce alternate da trifogli	Il damasco di seta ha un fondo rosso. Il disegno mostra ramoscelli che inquadrano mazzi di fiori, tra cui grandi peonie. Il disegno è contornato da zone in cannetillé. Il gallone è tessuto in oro con motivo di foglie di salice a spina di pesce e trifogli.
pianeta (elemento d'insieme)	Il fondo di seta bianca è quasi totalmente ricoperto dal ricamo a fitto disegno. Sono grandi fiori, fra i quali garofani, peonie ed altri di forma stilizzata, inseriti in un più minuto motivo di girali a foglie e volute con frutta e festoni. Il ricamo a diversi punti è eseguito con sete policrome di toni molto accesi, gli ornati sono in filo d'oro. Il gallone, in tessuto d'argento, è arricchito da un motivo a mandorle, losanghe e acanti ricamati in oro	Il fondo di seta bianca è ricoperto da un ricamo fitto con grandi fiori, tra cui garofani e peonie, inseriti in un motivo di girali a foglie e volute con frutta e festoni. Il ricamo è eseguito con sete policrome e ornati in filo d'oro. Il gallone è in tessuto d'argento con motivo di mandorle, losanghe e acanti ricamati in oro.
stola (elemento d'insieme)	Il fondo di seta bianca è quasi totalmente ricoperto dal ricamo a fitto disegno. Sono grandi fiori, fra i quali garofani, peonie ed altri di forma stilizzata, inseriti in un più minuto motivo di girali a foglie e volute con frutta e festoni. Il ricamo a diversi punti è eseguito con sete policrome di toni molto accesi, gli ornati sono in filo d'oro. Il gallone, in tessuto d'argento, è arricchito da un motivo a mandorle, losanghe e acanti ricamati in oro	Il fondo di seta bianca è ricoperto da un ricamo fitto con grandi fiori, tra cui garofani e peonie, inseriti in un motivo di girali a foglie e volute con frutta e festoni. Il ricamo è eseguito con sete policrome e ornati in filo d'oro. Il gallone è in tessuto d'argento con motivo di mandorle, losanghe e acanti ricamati in oro.
velo di calice (elemento d'insieme)	Velo di calice in tela di seta marezzata viola-lilla, su cui è realizzato il ricamo in argento filato e riccio. Disegno: bordo con motivo di foglie stilizzate ed intrecciate per il loro sviluppo sinuoso	Il velo di calice è fatto di seta viola-lilla con ricamo in argento. Il disegno mostra un bordo con foglie stilizzate intrecciate.
borsa del corporale (elemento d'insieme)	Borsa del corporale in tela di seta marezzata viola-lilla, su cui è realizzato il ricamo in argento filato e riccio, sul bordo con motivo di foglie stilizzate ed intrecciate ed al centro con motivo a croce con bracci floreali	La borsa del corporale è fatta di seta viola-lilla con ricamo in argento. Il bordo ha un motivo di foglie stilizzate intrecciate e al centro c'è una croce con bracci floreali.
stola (elemento d'insieme)	Stola confezionata in tela di seta bianca, marezzata. Alle estremità troviamo, in luogo del gallone, a ricamo in filo oro, il motivo a foglie piegate ad S, mentre al centro vi è la croce greca raggiata e frangia terminale	La stola è fatta di seta bianca. Alle estremità c'è un ricamo in filo d'oro con motivo di foglie piegate ad S e al centro c'è una croce greca raggiata con frangia terminale.
pianeta (elemento d'insieme)	Pianeta confezionata in raso di seta bianco su cui si stende un ricco ricamo in sete policrome, con grandi fiori e frutta fra ampi girali in filo oro a punto pieno. Sul verso il monogramma di S. Bernardino	La pianeta è fatta di raso di seta bianco con ricamo in sete policrome, mostrando grandi fiori e frutta tra girali in filo d'oro. Sul retro c'è il monogramma di San Bernardino.
pianeta (elemento d'insieme)	Pianeta confezionata in tela di seta viola con ricamo in filo d'argento eseguito a punto erba, punto lanciato, punto stuoia e altri. Ampie volute fogliacee con grandi fiori frastagliati fan quasi cornice alla successione dei canestri con mazzi di fiori nella zona centrale. Gallone ricamato con motivo a graffe di foglie nei bordi, ramoscelli intrecciati a nastro nel centro	La pianeta è fatta di seta viola con ricamo in filo d'argento. Il disegno mostra volute fogliacee con grandi fiori frastagliati e canestri con mazzi di fiori. Il gallone è ricamato con motivo di foglie e ramoscelli intrecciati.
decorazione a intaglio (serie)	Le quattro formelle raffigurano gli evangelisti	Le quattro formelle raffigurano gli evangelisti.
decorazione a intaglio	Raffigura un interno; in primo piano le ancelle intente a lavare la neonata. Sullo sfondo si vede sant'Anna nel letto	Il dipinto mostra un interno con ancelle che lavano una neonata in primo piano. Sullo sfondo si vede Sant'Anna nel letto.
dipinto (elemento d'insieme)	Occupa la cupola del presbiterio. Raffigura la Madonna portata in cielo dagli angeli	Questo affresco si trova nella cupola del presbiterio. Mostra la Madonna portata in cielo dagli angeli.
dipinto (elemento d'insieme)	Occupa la volta della navata principale; raffigura la Trinità affiancata dalle virtù teologali e dai dottori della chiesa	Questo affresco si trova nella volta della navata principale. Mostra la Trinità con le virtù teologali e i dottori della chiesa.
dipinto (elemento d'insieme)	Entro una cornice polilobata è raffigurata la Nascita della Vergine	Questo affresco è dentro una cornice polilobata. Mostra la Nascita della Vergine.
dipinto (elemento d'insieme)	Entro una cornice polilobata è raffigurata la Pentecoste	Questo affresco è dentro una cornice polilobata. Mostra la Pentecoste.
dipinto	Raffigura il Cristo trascinato da soldati e carnefici; sulla destra un cane ringhia al suo passaggio	Questo dipinto mostra Cristo trascinato da soldati e carnefici. A destra, un cane ringhia al suo passaggio.
dipinto	Raffigura il Cristo seduto che viene spogliato dai carnefici ed abbeverato di fiele	Questo dipinto mostra Cristo seduto mentre viene spogliato dai carnefici e abbeverato di fiele.
dipinto	Raffigura il Cristo che viene inchiodato alla croce; sullo sfondo si vedono la Madonna e le donne dolenti	Questo dipinto mostra Cristo inchiodato alla croce. Sullo sfondo si vedono la Madonna e le donne dolenti.
dipinto	Raffigura il Cristo morto con il corpo abbandonato in grembo alla Madonna; intorno a lei san Giovanni e la Maddalena dolenti	Questo dipinto mostra Cristo morto con il corpo abbandonato in grembo alla Madonna. Intorno a lei ci sono San Giovanni e la Maddalena dolenti.
dipinto	Raffigura il Cristo morto che viene calato nel sepolcro; alla scena assistono le pie donne	Questo dipinto mostra Cristo morto che viene calato nel sepolcro. Alla scena assistono le pie donne.
dipinto	Raffigura il Cristo caricato della croce da soldati e carnefici	Questo dipinto mostra Cristo caricato della croce da soldati e carnefici.
dipinto	Raffigura il Cristo che si accascia sotto il peso della croce; su di lui infieriscono i soldati ed i carnefici	Questo dipinto mostra Cristo che si accascia sotto il peso della croce. I soldati e i carnefici infieriscono su di lui.
dipinto	Raffigura il Cristo che, sulla via del Calvario, incontra la Madonna e le pie donne, mentre su di lui infieriscono i soldati ed i carnefici	Questo dipinto mostra Cristo sulla via del Calvario che incontra la Madonna e le pie donne. I soldati e i carnefici infieriscono su di lui.
dipinto	Raffigura il Cristo che, sulla via del Calvario, viene aiutato da Simone il Cireneo a portare la croce	Questo dipinto mostra Cristo sulla via del Calvario aiutato da Simone il Cireneo a portare la croce.
dipinto	Raffigura il Cristo che, sulla via del Calvario, incontra la Veronica che mostra il velo con l'effigie di Cristo; sullo sfondo i soldati	Questo dipinto mostra Cristo sulla via del Calvario che incontra la Veronica. Lei mostra il velo con l'effigie di Cristo. Sullo sfondo ci sono i soldati.
dipinto	Raffigura il Cristo che si accascia sotto il peso della croce; su di lui infieriscono i soldati ed i carnefici	Questo dipinto mostra Cristo che si accascia sotto il peso della croce. I soldati e i carnefici infieriscono su di lui.
dipinto	Raffigura il Cristo che si volta a consolare le donne di Gerusalemme che piangono lungo la sua salita al Calvario. In primo piano una bella figura di bimbo che si volge verso lo spettatore	Questo dipinto mostra Cristo che si volta a consolare le donne di Gerusalemme che piangono lungo la sua salita al Calvario. In primo piano c'è un bambino che guarda verso lo spettatore.
dipinto	Raffigura il Cristo che si accascia sotto il peso della croce; su di lui infieriscono i soldati ed i carnefici	Questo dipinto mostra Cristo che si accascia sotto il peso della croce. I soldati e i carnefici infieriscono su di lui.
statua (elemento d'insieme)	La scultura (identificata dalla scheda cartacea come Tobia e l'angelo) raffigura un angelo abbigliato con un ampio abito svolazzante che tiene per mano un bimbo ed indica il cielo con la mano destra	Questa scultura mostra un angelo con un ampio abito svolazzante che tiene per mano un bambino e indica il cielo con la mano destra.
statua (elemento d'insieme)	La scultura raffigura l'arcangelo Michele vestito con armatura, nell'atto di pesare le anime sulla bilancia; sotto i suoi piedi (in parte rovinata e consunta) è la figura di Satana	Questa scultura mostra l'arcangelo Michele vestito con armatura mentre pesa le anime sulla bilancia. Sotto i suoi piedi c'è la figura di Satana, in parte rovinata.
dipinto (serie)	I 15 misteri del Rosario sono collocati tutto intorno alla nicchia centrale; presentano cornici in legno dorato con volute fogliacee. I toni sono bruni, tendenti al monocromo	I 15 misteri del Rosario sono collocati intorno alla nicchia centrale. Le cornici sono in legno dorato con decorazioni di foglie. I toni sono bruni e monocromatici.
dipinto	Affresco di forma ovale raffigurante Cristo in un alone di luce circondato da angeli	Questo affresco ovale mostra Cristo in un alone di luce circondato da angeli.
decorazione a intaglio	Due pannelli rettangolari con cornici decorate da motivi vegetali stilizzati	Questi due pannelli rettangolari hanno cornici decorate con motivi vegetali stilizzati.
dipinto (elemento d'insieme)	Dipinto raffigurante il primo Mistero del Rosario, secondo l'iconografia ormai bene stabilita nel Seicento	Questo dipinto mostra il primo Mistero del Rosario, secondo l'iconografia del Seicento.
dipinto (elemento d'insieme)	Dipinto raffigurante il decimo Mistero del Rosario, secondo l'iconografia ormai bene stabilita nel Seicento	Questo dipinto mostra il decimo Mistero del Rosario, secondo l'iconografia del Seicento.
dipinto (elemento d'insieme)	Dipinto raffigurante il tredicesimo Mistero del Rosario, secondo l'iconografia ormai bene stabilita nel Seicento	Questo dipinto mostra il tredicesimo Mistero del Rosario, secondo l'iconografia del Seicento.
dipinto (elemento d'insieme)	Dipinto raffigurante il quattordicesimo Mistero del Rosario, secondo l'iconografia ormai bene stabilita nel Seicento	Questo dipinto mostra il quattordicesimo Mistero del Rosario, secondo l'iconografia del Seicento.
dipinto (elemento d'insieme)	Dipinto raffigurante il quindicesimo Mistero del Rosario, secondo l'iconografia ormai bene stabilita nel Seicento	Questo dipinto mostra il quindicesimo Mistero del Rosario, secondo l'iconografia del Seicento.
dipinto (elemento d'insieme)	Dipinto raffigurante il secondo Mistero del Rosario, secondo l'iconografia ormai bene stabilita nel Seicento	Questo dipinto mostra il secondo Mistero del Rosario, secondo l'iconografia del Seicento.
dipinto (elemento d'insieme)	Dipinto raffigurante il quarto Mistero del Rosario, secondo l'iconografia ormai bene stabilita nel Seicento	Questo dipinto mostra il quarto Mistero del Rosario, secondo l'iconografia del Seicento.
dipinto (elemento d'insieme)	Dipinto raffigurante il sesto Mistero del Rosario, secondo l'iconografia ormai bene stabilita nel Seicento	Questo dipinto mostra il sesto Mistero del Rosario, secondo l'iconografia del Seicento.
dipinto (elemento d'insieme)	Dipinto raffigurante l'ottavo Mistero del Rosario, secondo l'iconografia ormai bene stabilita nel Seicento	Questo dipinto mostra l'ottavo Mistero del Rosario, secondo l'iconografia del Seicento.
dipinto (elemento d'insieme)	Dipinto raffigurante La Nascita di Maria, all'interno di un ciclo mariologico dei più tradizionali e destinato fin dall'origine a questa chiesa che è dedicata all'Assunta	Questo dipinto mostra la Nascita di Maria. Fa parte di un ciclo mariologico tradizionale destinato a questa chiesa dedicata all'Assunta.
dipinto (elemento d'insieme)	Dipinto raffigurante L'Annunciazione, all'interno di un ciclo mariologico dei più tradizionali e destinato fin dall'origine a questa chiesa che è dedicata all'Assunta	Questo dipinto mostra l'Annunciazione. Fa parte di un ciclo mariologico tradizionale destinato a questa chiesa dedicata all'Assunta.
dipinto (elemento d'insieme)	Dipinto raffigurante La Presentazione di Gesù al tempio, all'interno di un ciclo mariologico dei più tradizionali e destinato fin dall'origine a questa chiesa che è dedicata all'Assunta	Questo dipinto mostra la Presentazione di Gesù al tempio. Fa parte di un ciclo mariologico tradizionale destinato a questa chiesa dedicata all'Assunta.
decorazione a sbalzo (opera isolata)	Decorazione posta sulla base dell'ostensorio e raffigurante San Barnaba, titolare della chiesa	Questa decorazione si trova sulla base dell'ostensorio e mostra San Barnaba, titolare della chiesa.
decorazione a sbalzo (opera isolata)	Decorazione posta sulla base dell'ostensorio e raffigurante San Baudolino, titolare della chiesa	Questa decorazione si trova sulla base dell'ostensorio e mostra San Baudolino, titolare della chiesa.
dipinto (elemento d'insieme)	S. Gregorio in veste di pontefice è raffigurato sul lato sinistro del dipinto, in atto di scendere lo scalone, per fare egli stesso l'elemosina ad una folla di poveri inginocchiati	Questo dipinto mostra San Gregorio in veste di pontefice sul lato sinistro, mentre scende lo scalone per fare l'elemosina a una folla di poveri inginocchiati.
dipinto (elemento d'insieme)	L'affresco centrale raffigura San Gregorio circondato da angeli che lo elevano sino alla Gloria dei cieli	Questo affresco centrale mostra San Gregorio circondato da angeli che lo elevano fino alla Gloria dei cieli.
dipinto (elemento d'insieme)	Un medaglione in stucco incornicia l'evangelista Giovanni, rappresentato con il suo simbolo dell'acquila	Un medaglione in stucco incornicia l'evangelista Giovanni, rappresentato con il suo simbolo dell'aquila.
dipinto (elemento d'insieme)	Sul lato sinistro dell'affresco è raffigurato Giacobbe addormentato, mentre sogna una scala elevata fino al cielo, dalla quale scendono e salgono degli angeli	Sul lato sinistro dell'affresco è raffigurato Giacobbe addormentato, mentre sogna una scala che arriva fino al cielo, con angeli che salgono e scendono.
dipinto (elemento d'insieme)	Nell'affresco è raffigurato Giobbe, spogliato di tutti i beni, abbandonato da tutti, ingiuriato dalla moglie e dai tre amici, Elifaz, Baldad, Sofar	Questo affresco mostra Giobbe, spogliato di tutti i beni, abbandonato da tutti, ingiuriato dalla moglie e dai tre amici Elifaz, Baldad e Sofar.
dipinto (elemento d'insieme)	Nell'affresco è raffigurato l'episodio di Giuditta mentre entra con la sua ancella nella tenda di Olofern ee si appresta a troncarne la testa per riportarla in Betulia	Questo affresco mostra Giuditta mentre entra con la sua ancella nella tenda di Oloferne per tagliargli la testa e riportarla a Betulia.
dipinto (elemento d'insieme)	Al centro del dipinto è raffigurato Mosè sul monte Sinai, mentre riceve da Dio le tavole dei Dieci Comandamenti	Al centro del dipinto c'è Mosè sul monte Sinai, mentre riceve da Dio le tavole dei Dieci Comandamenti.
dipinto (elemento d'insieme)	La Carità è raffigurata con simbolo di una fiamma sul capo in atto di allattare un bambino. L'affresco è di colore chiaro ad imitazione del marmo	La Carità è raffigurata con una fiamma sul capo mentre allatta un bambino. L'affresco è di colore chiaro per imitare il marmo.
stallo (elemento d'insieme)	Lo stallo reca un intaglio a formelle mistilinee	Lo stallo ha un intaglio con formelle mistilinee.